Class,Rake_Title_Count,Yake_Title_Count,Keybert_Title_Count,Rake_Annotation_Count,Yake_Annotation_Count,Keybert_Annotation_Count
Text Mining,3,7,2,45,31,7
Text Mining,7,12,2,77,69,12
Text Mining,3,7,2,79,64,10
Text Mining,3,6,1,50,32,5
Text Mining,6,6,5,29,23,7
Text Mining,4,6,1,63,35,10
Text Mining,5,9,4,105,40,9
Text Mining,4,10,3,97,34,8
Text Mining,6,3,1,79,23,2
Text Mining,5,12,3,55,32,8
Text Mining,3,11,2,104,42,12
Text Mining,4,15,3,54,25,7
Text Mining,6,11,1,69,32,9
Text Mining,5,8,2,42,25,6
Text Mining,4,15,3,61,23,5
Text Mining,5,14,3,64,29,6
Text Mining,3,13,2,93,30,11
Text Mining,4,7,2,77,24,6
Text Mining,5,10,1,61,29,4
Text Mining,6,11,4,71,21,6
Text Mining,3,10,3,56,39,17
Text Mining,6,14,1,62,23,8
Text Mining,5,13,3,99,48,7
Text Mining,7,12,4,29,17,7
Text Mining,5,9,4,81,43,7
Text Mining,6,12,4,66,33,9
Text Mining,4,7,2,48,15,1
Text Mining,7,14,1,77,57,9
Text Mining,7,11,2,76,52,9
Text Mining,10,11,1,76,16,2
Text Mining,6,10,4,37,21,7
Text Mining,7,10,3,66,25,3
Text Mining,8,10,1,80,28,2
Text Mining,3,7,1,69,30,6
Text Mining,4,7,0,64,18,2
Text Mining,3,5,3,70,29,7
Text Mining,8,17,4,51,22,5
Text Mining,3,6,3,62,25,4
Text Mining,3,7,2,67,36,6
Text Mining,3,8,4,31,22,12
Text Mining,2,5,2,85,50,6
Text Mining,6,6,2,66,23,2
Text Mining,4,9,6,60,19,10
Text Mining,8,13,0,82,35,8
Text Mining,6,8,4,75,44,5
Text Mining,6,8,1,95,44,12
Text Mining,5,8,5,53,19,4
Text Mining,8,11,1,121,69,5
Text Mining,3,6,2,48,46,13
Text Mining,4,6,1,36,24,7
Text Mining,7,11,0,54,21,4
Text Mining,14,11,1,63,18,1
Text Mining,8,12,2,112,38,6
Text Mining,7,7,3,55,23,4
Text Mining,2,4,1,32,37,9
Text Mining,3,10,5,54,29,5
Text Mining,6,13,3,68,19,5
Text Mining,8,10,2,105,27,0
Text Mining,5,15,4,58,37,13
Text Mining,7,10,2,51,19,2
Text Mining,3,11,1,73,21,6
Text Mining,4,12,3,41,32,8
Text Mining,7,15,4,62,21,3
Text Mining,8,10,3,64,48,6
Text Mining,5,9,4,71,48,21
Text Mining,5,10,3,70,20,8
Text Mining,7,6,1,109,64,9
Text Mining,3,9,2,56,15,9
Text Mining,5,10,6,47,31,8
Text Mining,4,13,4,42,26,6
Text Mining,6,12,3,52,20,4
Text Mining,7,8,2,80,28,14
Text Mining,4,12,6,50,11,4
Text Mining,5,11,2,100,57,16
Text Mining,4,9,5,72,42,9
Text Mining,4,7,2,60,36,10
Text Mining,7,8,4,69,17,4
Text Mining,8,9,3,54,34,10
Text Mining,4,8,1,51,17,7
Text Mining,0,7,6,32,29,8
Text Mining,2,2,1,32,32,11
Text Mining,6,6,2,66,33,5
Text Mining,2,3,1,48,33,4
Text Mining,7,2,0,68,18,7
Text Mining,3,4,1,29,21,4
Text Mining,7,14,4,61,54,15
Text Mining,6,3,1,74,19,3
Text Mining,4,7,2,104,41,7
Text Mining,4,8,3,44,19,6
Text Mining,7,14,2,53,28,4
Text Mining,5,10,1,49,29,3
Text Mining,11,17,2,60,31,8
Text Mining,5,6,1,38,28,7
Text Mining,2,6,3,17,30,11
Text Mining,3,10,5,48,33,8
Text Mining,2,6,1,62,32,6
Text Mining,1,13,5,28,12,2
Text Mining,6,11,2,24,24,4
Text Mining,9,6,0,71,17,9
Text Mining,4,10,4,62,23,5
Text Mining,6,11,3,80,29,1
Text Mining,5,10,1,77,46,6
Text Mining,5,9,1,56,34,7
Text Mining,8,8,3,87,38,12
Text Mining,2,6,3,73,33,7
Text Mining,4,6,2,44,19,8
Text Mining,6,9,0,96,71,3
Text Mining,6,6,1,76,27,9
Text Mining,6,7,5,73,18,4
Text Mining,5,9,1,112,46,10
Text Mining,9,12,0,116,53,2
Text Mining,4,12,9,74,28,9
Text Mining,4,6,2,84,29,0
Text Mining,6,6,1,67,21,4
Text Mining,7,12,2,62,50,13
Text Mining,7,7,1,43,23,6
Text Mining,7,17,6,47,32,11
Text Mining,3,7,1,67,35,12
Text Mining,4,14,7,0,0,0
Text Mining,2,7,7,71,27,9
Text Mining,3,8,3,31,41,15
Text Mining,4,10,2,73,35,8
Text Mining,4,1,1,121,38,7
Text Mining,5,8,2,69,24,6
Text Mining,4,6,2,75,40,7
Text Mining,3,7,4,59,24,4
Text Mining,6,16,4,25,19,6
Text Mining,4,9,2,38,25,8
Text Mining,6,7,1,23,17,3
Text Mining,2,9,4,77,28,5
Text Mining,7,6,1,84,36,8
Text Mining,4,8,0,65,22,3
Text Mining,6,9,0,84,15,6
Text Mining,3,9,5,54,31,8
Text Mining,8,12,6,45,20,8
Text Mining,3,11,2,47,10,7
Text Mining,6,9,1,43,41,14
Text Mining,3,10,1,48,26,6
Text Mining,9,12,3,75,30,13
Text Mining,8,9,3,133,40,4
Text Mining,5,9,2,68,18,11
Text Mining,6,9,4,53,15,1
Text Mining,4,12,3,65,25,6
Text Mining,4,15,4,58,12,7
Text Mining,4,8,1,62,25,4
Text Mining,6,6,3,72,29,9
Text Mining,6,12,3,55,16,5
Text Mining,4,11,4,71,54,15
Text Mining,8,10,5,42,23,12
Text Mining,8,9,1,70,30,3
Text Mining,5,5,5,33,17,6
Text Mining,3,8,3,56,39,12
Text Mining,4,13,6,56,18,7
Text Mining,8,14,1,127,71,6
Text Mining,2,5,3,22,15,7
Text Mining,5,7,3,25,15,5
Text Mining,8,11,1,126,51,2
Text Mining,6,7,1,54,18,7
Text Mining,4,10,4,42,46,21
Text Mining,6,4,1,70,35,9
Text Mining,3,9,5,27,14,7
Text Mining,6,12,4,85,56,20
Text Mining,3,7,5,30,24,5
Text Mining,8,5,5,12,18,9
Text Mining,5,7,3,17,12,5
Text Mining,8,14,2,82,18,7
Text Mining,3,10,3,61,35,11
Text Mining,5,5,1,52,31,5
Text Mining,6,10,2,36,27,9
Text Mining,7,14,6,42,24,8
Text Mining,6,10,4,33,17,4
Text Mining,9,13,0,82,17,3
Text Mining,2,5,1,47,38,8
Text Mining,5,4,3,59,39,20
Text Mining,4,10,1,61,27,7
Text Mining,5,7,1,135,32,9
Text Mining,7,12,4,53,33,7
Text Mining,5,9,2,56,20,5
Text Mining,5,14,5,50,33,12
Text Mining,4,8,1,44,33,9
Text Mining,7,11,2,93,30,3
Text Mining,5,9,1,84,55,3
Text Mining,6,8,4,84,24,10
Text Mining,6,13,5,21,9,6
Text Mining,8,14,5,143,43,1
Text Mining,2,12,5,55,17,8
Text Mining,5,13,3,68,45,16
Text Mining,6,11,2,89,23,2
Text Mining,3,6,1,61,26,10
Text Mining,6,12,3,56,20,10
Text Mining,6,11,3,36,17,2
Text Mining,13,15,4,88,34,5
Text Mining,5,7,1,97,30,5
Text Mining,6,7,1,40,19,7
Text Mining,6,11,2,56,30,10
Text Mining,4,13,2,56,20,9
Text Mining,2,9,3,69,13,10
Text Mining,6,11,5,98,39,6
Text Mining,4,11,3,51,12,7
Text Mining,4,8,1,47,34,12
Text Mining,3,11,2,51,16,11
Text Mining,4,12,2,33,10,3
Text Mining,7,12,3,82,49,13
Text Mining,4,10,2,58,39,7
Text Mining,5,7,2,110,52,3
Text Mining,4,8,5,58,24,8
Text Mining,10,10,2,68,31,4
Text Mining,4,9,3,86,36,9
Text Mining,2,9,1,60,28,5
Text Mining,6,9,4,37,34,2
Text Mining,5,12,4,39,27,8
Text Mining,4,8,1,71,40,10
Text Mining,4,5,1,52,27,9
Text Mining,8,14,1,89,36,6
Text Mining,4,8,1,64,32,4
Text Mining,9,8,1,67,43,8
Text Mining,7,11,3,56,18,4
Text Mining,6,11,4,33,21,4
Text Mining,4,8,3,57,34,3
Text Mining,7,8,4,60,23,7
Text Mining,9,19,1,72,57,0
Text Mining,6,13,3,36,19,5
Text Mining,4,2,1,87,55,6
Text Mining,4,9,4,38,43,15
Text Mining,5,12,1,126,44,10
Text Mining,5,13,1,60,18,3
Text Mining,6,10,4,53,42,15
Text Mining,5,6,1,97,40,6
Text Mining,4,6,7,65,23,8
Text Mining,6,6,1,70,24,2
Text Mining,4,6,2,97,50,4
Text Mining,4,8,2,51,29,5
Text Mining,4,9,4,55,23,4
Text Mining,4,10,6,16,17,3
Text Mining,4,6,1,57,35,5
Text Mining,4,6,1,80,33,6
Text Mining,5,10,4,79,28,9
Text Mining,5,10,4,123,35,5
Text Mining,4,9,3,37,18,4
Text Mining,5,4,3,73,18,8
Text Mining,4,7,2,51,20,9
Text Mining,3,8,2,70,43,12
Text Mining,5,10,3,89,38,8
Text Mining,5,7,1,49,31,8
Text Mining,4,11,3,71,25,8
Text Mining,5,10,3,56,32,12
Text Mining,3,13,2,95,29,4
Text Mining,5,12,2,40,17,4
Text Mining,5,13,6,43,19,10
Text Mining,6,11,1,72,44,11
Text Mining,5,8,4,58,18,3
Text Mining,6,8,3,40,13,4
Text Mining,4,3,2,76,36,1
Text Mining,6,11,3,59,11,2
Text Mining,3,6,3,39,25,5
Text Mining,4,8,1,86,40,8
Text Mining,6,9,4,49,45,11
Text Mining,8,12,2,59,17,4
Text Mining,3,6,2,21,24,4
Text Mining,3,8,4,41,16,5
Text Mining,4,11,5,54,18,4
Text Mining,4,7,2,108,28,8
Text Mining,10,15,2,128,51,9
Text Mining,5,11,1,46,36,5
Text Mining,3,6,1,61,38,11
Text Mining,6,13,3,88,45,0
Text Mining,5,12,3,52,23,4
Text Mining,9,13,1,119,81,7
Text Mining,6,10,3,52,37,8
Text Mining,4,10,2,52,22,5
Text Mining,3,14,0,42,6,6
Text Mining,6,7,2,96,33,7
Text Mining,4,9,3,67,38,10
Text Mining,5,10,2,46,26,3
Text Mining,6,10,3,72,40,4
Text Mining,6,16,7,65,32,14
Text Mining,9,10,1,73,46,7
Text Mining,7,13,2,60,15,6
Text Mining,3,9,2,26,17,7
Text Mining,4,9,5,35,26,7
Text Mining,6,11,0,99,33,3
Text Mining,8,13,2,119,53,5
Text Mining,6,10,0,62,31,1
Text Mining,6,9,5,52,34,9
Text Mining,4,8,5,65,20,1
Text Mining,4,9,1,61,47,18
Text Mining,5,14,4,50,23,7
Text Mining,2,2,5,37,17,4
Text Mining,4,7,6,80,22,6
Text Mining,6,7,4,69,47,2
Text Mining,2,8,3,70,34,8
Text Mining,8,8,2,62,19,4
Text Mining,6,12,1,45,32,6
Text Mining,9,11,2,34,26,4
Text Mining,1,2,1,70,28,6
Text Mining,7,12,3,75,39,7
Text Mining,8,6,0,114,24,2
Text Mining,5,8,2,34,26,8
Text Mining,6,10,2,116,47,9
Text Mining,6,8,1,60,23,8
Text Mining,3,10,2,52,25,10
Text Mining,5,12,5,16,13,3
Text Mining,5,7,4,13,13,3
Text Mining,4,12,4,74,62,16
Text Mining,3,9,3,30,13,2
Text Mining,9,7,1,50,33,6
Text Mining,4,3,1,74,22,9
Text Mining,3,12,4,79,21,3
Text Mining,3,12,1,83,58,10
Text Mining,7,11,3,41,30,9
Text Mining,4,9,3,64,27,10
Text Mining,3,7,4,59,42,17
Text Mining,4,8,1,79,21,4
Text Mining,3,10,4,22,24,9
Text Mining,3,14,4,51,16,7
Text Mining,5,15,1,87,22,7
Text Mining,13,14,1,156,66,1
Text Mining,4,6,2,45,12,3
Text Mining,2,9,2,40,21,5
Text Mining,5,9,1,124,33,3
Text Mining,5,7,2,73,25,10
Text Mining,6,11,2,67,27,5
Text Mining,3,7,0,77,35,17
Text Mining,7,12,6,71,16,4
Text Mining,10,15,2,60,35,3
Text Mining,4,9,3,48,11,5
Text Mining,5,8,2,87,43,5
Text Mining,8,12,3,71,35,7
Text Mining,4,6,4,55,26,9
Text Mining,5,11,5,70,19,8
Text Mining,6,12,2,97,37,8
Text Mining,6,7,3,61,17,4
Text Mining,5,7,0,28,19,2
Text Mining,5,7,5,48,16,6
Text Mining,4,6,1,128,51,13
Text Mining,3,10,3,54,36,11
Text Mining,4,7,2,36,22,6
Text Mining,3,12,4,48,29,11
Text Mining,7,10,4,47,19,8
Text Mining,6,13,0,55,59,0
Text Mining,1,10,3,39,15,11
Text Mining,8,9,1,56,17,1
Text Mining,6,13,4,82,34,3
Text Mining,10,9,2,51,18,2
Text Mining,6,7,2,68,31,7
Text Mining,6,12,5,47,20,3
Text Mining,3,9,3,42,13,3
Text Mining,2,5,4,35,16,4
Text Mining,3,5,4,53,13,3
Text Mining,7,7,2,44,59,14
Text Mining,3,1,1,87,27,3
Text Mining,3,5,2,66,31,4
Text Mining,6,14,6,63,34,10
Text Mining,8,5,2,82,37,7
Text Mining,6,11,2,46,28,7
Text Mining,4,7,1,69,25,4
Text Mining,7,13,5,104,28,8
Text Mining,4,10,2,77,22,4
Text Mining,4,8,2,76,45,10
Text Mining,4,10,2,87,21,9
Text Mining,7,11,3,91,30,5
Text Mining,4,8,3,65,25,9
Text Mining,3,8,3,26,19,7
Text Mining,6,8,2,60,21,7
Text Mining,3,10,2,67,36,9
Text Mining,6,13,5,41,27,6
Text Mining,2,16,3,51,6,5
Text Mining,4,8,2,80,36,7
Text Mining,6,11,2,62,24,4
Text Mining,4,15,4,35,11,4
Text Mining,5,5,3,43,23,6
Text Mining,4,5,0,54,22,9
Text Mining,6,6,1,132,40,4
Text Mining,4,12,4,50,16,7
Text Mining,4,11,3,82,21,6
Text Mining,8,12,2,62,30,15
Text Mining,7,6,0,82,33,6
Text Mining,4,9,1,48,20,3
Text Mining,4,7,2,53,11,4
Text Mining,5,4,4,37,19,8
Text Mining,5,10,4,70,34,4
Text Mining,3,8,1,41,23,3
Text Mining,4,7,0,80,36,9
Text Mining,5,13,4,35,17,6
Text Mining,6,12,1,51,17,1
Text Mining,4,9,2,44,23,9
Text Mining,7,8,3,61,23,8
Text Mining,8,11,2,67,14,3
Text Mining,5,6,2,74,28,1
Text Mining,6,10,0,59,27,6
Text Mining,3,8,1,43,17,5
Text Mining,2,6,5,46,20,12
Text Mining,2,10,0,37,15,4
Text Mining,8,11,2,77,43,4
Text Mining,3,7,3,55,27,6
Text Mining,5,11,2,30,10,3
Text Mining,5,6,1,71,30,7
Text Mining,7,13,3,73,7,7
Text Mining,5,6,6,92,42,4
Text Mining,4,7,2,57,42,6
Text Mining,7,13,4,84,32,12
Text Mining,4,12,5,89,24,5
Text Mining,5,6,2,74,42,10
Text Mining,6,7,2,83,33,6
Text Mining,10,12,2,62,41,14
Text Mining,4,6,2,90,19,5
Text Mining,3,7,0,77,17,5
Text Mining,3,9,2,56,31,10
Text Mining,7,10,3,68,17,4
Text Mining,8,9,1,36,21,6
Text Mining,11,9,1,70,25,9
Text Mining,8,15,3,45,31,14
Text Mining,1,6,7,61,16,8
Text Mining,5,6,0,59,22,7
Text Mining,4,9,1,72,29,5
Text Mining,6,9,3,63,46,14
Text Mining,4,8,1,81,26,12
Text Mining,3,8,6,73,26,7
Text Mining,4,6,1,49,17,3
Text Mining,1,6,3,49,18,3
Text Mining,6,13,1,65,51,5
Text Mining,6,4,1,57,20,3
Text Mining,11,9,1,66,38,1
Text Mining,6,12,4,68,30,6
Text Mining,6,9,1,58,38,7
Text Mining,7,11,5,100,44,3
Text Mining,5,6,3,49,17,3
Text Mining,2,8,3,34,22,4
Text Mining,3,8,3,63,33,8
Text Mining,7,9,1,45,11,2
Text Mining,2,10,0,65,33,12
Text Mining,6,13,4,71,35,8
Text Mining,4,4,1,58,26,7
Text Mining,5,7,2,58,54,16
Text Mining,6,8,1,49,22,1
Text Mining,6,14,1,56,20,9
Text Mining,6,2,2,36,18,5
Text Mining,3,1,8,67,27,7
Text Mining,8,11,5,64,17,6
Text Mining,4,6,3,42,33,6
Text Mining,5,15,3,42,26,8
Text Mining,4,5,0,76,31,7
Text Mining,4,15,4,25,9,1
Text Mining,2,8,3,108,34,10
Text Mining,5,10,1,83,33,4
Text Mining,3,13,4,44,31,9
Text Mining,11,12,2,59,16,3
Text Mining,2,5,3,62,37,5
Text Mining,2,13,5,12,22,7
Text Mining,6,11,5,45,22,7
Text Mining,7,13,5,51,15,2
Text Mining,4,12,4,66,22,8
Text Mining,2,12,2,80,30,15
Text Mining,7,7,1,47,15,0
Text Mining,3,8,3,42,27,10
Text Mining,6,14,2,121,39,8
Text Mining,3,7,0,70,47,9
Text Mining,4,4,2,71,26,7
Text Mining,3,9,1,77,42,6
Text Mining,6,15,2,124,37,5
Text Mining,3,8,1,53,27,4
Text Mining,4,8,3,53,29,8
Text Mining,9,9,1,81,55,12
Text Mining,3,8,2,44,22,7
Text Mining,1,7,3,62,20,3
Text Mining,3,6,3,40,31,11
Text Mining,7,15,2,49,27,6
Text Mining,9,9,3,79,51,11
Text Mining,1,15,3,46,25,10
Text Mining,5,16,5,37,23,11
Text Mining,4,11,2,48,47,10
Text Mining,2,10,2,28,27,3
Text Mining,3,11,3,88,18,5
Text Mining,6,13,1,95,39,1
Text Mining,11,12,2,80,24,4
Text Mining,2,5,1,75,27,5
Text Mining,7,12,0,68,27,11
Text Mining,4,11,4,49,22,7
Text Mining,5,8,5,39,18,7
Text Mining,5,11,4,34,28,13
Text Mining,4,10,5,54,30,8
Text Mining,3,5,4,95,39,3
Text Mining,6,6,3,36,15,2
Text Mining,9,12,4,72,12,8
Text Mining,4,3,1,59,38,9
Text Mining,4,12,2,35,19,9
Text Mining,7,11,2,73,22,4
Text Mining,6,9,0,122,47,5
Text Mining,7,13,3,92,28,3
Text Mining,4,3,0,120,34,4
Text Mining,5,5,3,83,25,14
Text Mining,6,12,3,30,20,7
Text Mining,6,7,1,97,43,6
Text Mining,3,9,4,83,23,5
Text Mining,6,10,2,47,9,1
Text Mining,4,7,1,77,24,6
Text Mining,1,8,6,43,9,2
Text Mining,2,5,3,34,16,7
Text Mining,3,2,2,39,21,7
Text Mining,2,5,5,58,16,1
Text Mining,6,11,5,59,11,1
Text Mining,5,8,6,57,36,6
Text Mining,4,11,3,96,30,6
Text Mining,4,3,0,66,27,4
Text Mining,4,7,3,74,39,16
Text Mining,4,9,2,99,40,23
Text Mining,7,2,2,93,21,1
Text Mining,10,8,1,92,37,1
Text Mining,5,9,2,97,19,9
Text Mining,10,14,4,103,37,12
Text Mining,6,11,2,54,26,8
Text Mining,4,10,3,61,22,5
Text Mining,7,13,2,51,38,8
Text Mining,2,7,1,52,30,3
Text Mining,8,13,5,100,37,5
Text Mining,6,7,0,109,34,8
Text Mining,3,8,3,35,36,10
Text Mining,4,11,4,33,29,11
Text Mining,6,7,1,36,34,9
Text Mining,4,8,0,100,39,0
Text Mining,7,10,0,109,28,7
Text Mining,4,15,4,48,25,10
Text Mining,6,7,5,39,16,12
Text Mining,7,13,3,101,22,3
Text Mining,1,9,2,23,21,3
Text Mining,5,9,0,72,22,6
Text Mining,8,9,3,74,17,2
Text Mining,7,12,1,71,13,6
Text Mining,2,9,3,31,9,2
Text Mining,5,8,0,99,36,8
Text Mining,3,1,0,55,18,2
Text Mining,7,7,2,40,11,2
Text Mining,4,13,3,46,13,2
Text Mining,4,9,6,61,25,8
Text Mining,4,3,2,71,29,6
Text Mining,8,11,3,76,30,12
Text Mining,2,2,5,85,31,3
Text Mining,1,9,1,118,39,6
Text Mining,4,13,2,33,29,6
Text Mining,4,7,2,60,55,9
Text Mining,7,12,0,72,53,6
Text Mining,6,10,1,101,34,5
Text Mining,6,8,0,52,25,9
Text Mining,5,11,2,133,25,3
Text Mining,4,9,2,90,27,8
Text Mining,4,11,3,55,26,14
Text Mining,6,10,0,74,22,2
Text Mining,6,5,3,95,65,18
Text Mining,7,7,4,48,30,12
Text Mining,8,10,2,93,51,8
Text Mining,4,13,3,72,13,6
Text Mining,8,12,2,68,23,10
Text Mining,9,10,3,123,39,6
Text Mining,6,8,0,115,76,19
Text Mining,7,12,1,53,26,4
Text Mining,7,10,0,96,62,3
Text Mining,1,12,1,48,13,7
Text Mining,6,10,1,53,17,7
Text Mining,4,5,1,62,20,12
Text Mining,6,6,0,110,68,7
Text Mining,4,13,5,42,32,11
Text Mining,4,3,4,53,38,7
Text Mining,6,12,3,56,51,14
Text Mining,3,7,3,50,26,5
Text Mining,6,9,4,42,20,10
Text Mining,10,9,0,89,43,9
Text Mining,4,5,1,53,14,2
Text Mining,5,9,6,87,39,10
Text Mining,3,10,2,83,42,9
Text Mining,7,18,4,66,83,21
Text Mining,11,14,4,55,16,4
Text Mining,8,5,1,58,22,5
Text Mining,5,14,4,36,18,5
Text Mining,6,8,4,70,19,7
Text Mining,7,12,2,105,28,3
Text Mining,6,7,0,74,24,10
Text Mining,5,13,3,90,19,4
Text Mining,6,14,1,69,35,4
Text Mining,3,9,3,82,20,6
Text Mining,6,13,4,55,18,4
Text Mining,5,7,2,87,12,6
Text Mining,7,12,0,113,38,19
Text Mining,7,9,6,62,21,2
Text Mining,10,10,0,141,32,0
Text Mining,4,10,1,120,32,13
Text Mining,4,7,2,88,15,5
Text Mining,3,6,0,53,16,8
Text Mining,6,11,4,46,28,4
Text Mining,7,5,0,114,34,4
Text Mining,5,9,8,41,16,4
Text Mining,6,11,1,72,38,3
Text Mining,5,7,1,78,38,9
Text Mining,4,7,1,65,35,5
Text Mining,3,11,1,73,26,5
Text Mining,2,6,4,89,23,8
Text Mining,2,9,2,58,10,4
Text Mining,5,13,1,70,28,9
Text Mining,7,8,4,109,25,7
Text Mining,0,2,1,29,27,7
Text Mining,3,4,3,32,24,10
Text Mining,5,6,0,132,86,9
Text Mining,4,18,8,9,5,2
Text Mining,4,8,3,52,12,10
Text Mining,4,6,1,62,26,10
Text Mining,5,6,2,108,41,2
Text Mining,5,5,3,56,17,4
Text Mining,6,11,2,99,42,8
Text Mining,3,11,3,62,29,8
Text Mining,2,8,3,52,55,8
Text Mining,4,10,2,58,26,6
Text Mining,2,6,1,54,14,9
Text Mining,3,10,4,64,52,20
Text Mining,2,12,2,42,18,3
Text Mining,8,10,2,125,35,9
Text Mining,6,6,0,70,20,6
Text Mining,0,12,6,10,9,5
Text Mining,4,7,2,36,14,9
Text Mining,6,10,5,66,27,8
Text Mining,3,10,1,55,22,7
Text Mining,3,2,1,67,29,2
Text Mining,7,14,4,63,15,13
Text Mining,9,10,1,69,20,1
Text Mining,5,11,5,47,37,15
Text Mining,2,4,5,38,19,1
Text Mining,2,2,1,74,40,7
Text Mining,3,4,2,60,30,9
Text Mining,7,15,6,44,42,21
Text Mining,7,14,3,81,43,8
Text Mining,4,8,2,73,48,8
Text Mining,5,11,1,58,24,4
Text Mining,6,13,3,119,36,2
Text Mining,3,6,0,54,11,7
Text Mining,8,6,2,88,24,11
Text Mining,2,11,5,122,20,3
Text Mining,5,9,2,52,32,8
Text Mining,4,9,3,51,28,5
Text Mining,4,5,2,62,13,5
Text Mining,4,11,1,62,21,4
Text Mining,3,2,3,70,16,10
Text Mining,6,12,4,73,71,19
Text Mining,5,11,0,47,19,3
Text Mining,5,13,4,52,26,12
Text Mining,7,10,4,116,30,15
Text Mining,4,9,4,36,21,9
Text Mining,5,10,0,82,57,6
Text Mining,5,8,2,74,19,5
Text Mining,4,9,1,114,22,4
Text Mining,11,8,3,84,22,7
Text Mining,3,6,4,44,18,7
Text Mining,6,5,3,71,32,2
Text Mining,6,11,4,66,34,9
Text Mining,5,6,2,54,20,6
Text Mining,6,10,3,64,12,3
Text Mining,3,5,1,24,19,3
Text Mining,10,8,1,79,16,2
Text Mining,8,10,1,83,42,10
Text Mining,10,9,1,89,55,8
Text Mining,3,8,2,72,11,6
Text Mining,7,10,4,87,14,4
Text Mining,7,11,2,71,28,9
Text Mining,4,7,0,31,29,3
Text Mining,6,4,1,137,55,7
Text Mining,10,9,4,87,27,5
Text Mining,6,14,4,104,32,3
Text Mining,3,10,4,48,15,4
Text Mining,6,11,1,69,25,6
Text Mining,5,5,4,30,13,9
Text Mining,6,11,1,23,18,2
Text Mining,5,7,1,72,25,5
Text Mining,6,8,1,71,70,22
Text Mining,2,7,5,69,28,10
Text Mining,6,12,1,100,75,6
Text Mining,4,7,1,36,12,4
Text Mining,2,7,3,36,37,14
Text Mining,6,12,2,34,28,5
Text Mining,3,12,3,47,24,7
Text Mining,7,6,0,77,40,5
Text Mining,3,4,1,76,32,7
Text Mining,2,7,4,27,31,8
Text Mining,3,4,2,61,35,8
Text Mining,5,9,3,74,29,9
Text Mining,7,14,5,54,27,5
Text Mining,4,9,1,57,27,10
Text Mining,4,2,0,102,20,6
Text Mining,4,11,2,89,16,2
Text Mining,4,5,1,56,36,5
Text Mining,4,7,3,81,27,11
Text Mining,1,4,0,60,37,13
Text Mining,7,11,3,44,30,7
Text Mining,5,11,2,75,13,7
Text Mining,4,6,3,26,16,6
Text Mining,4,12,4,93,12,4
Text Mining,5,11,1,67,23,4
Text Mining,5,10,2,45,27,7
Text Mining,4,4,2,39,28,3
Text Mining,3,11,6,76,33,15
Text Mining,4,11,5,29,21,7
Text Mining,5,11,3,35,20,4
Text Mining,11,10,3,57,31,6
Text Mining,5,5,1,48,33,4
Text Mining,4,9,3,80,54,9
Text Mining,5,12,4,50,65,29
Text Mining,2,11,4,79,35,8
Text Mining,3,8,1,155,65,9
Text Mining,2,7,3,103,29,9
Text Mining,8,10,0,85,48,0
Text Mining,11,16,2,111,19,2
Text Mining,7,15,3,119,28,5
Text Mining,3,8,2,117,27,10
Text Mining,11,8,3,92,32,7
Text Mining,9,15,4,40,37,8
Text Mining,4,8,2,40,50,5
Text Mining,9,8,1,79,29,4
Text Mining,4,6,2,74,39,9
Text Mining,7,17,5,81,33,9
Text Mining,6,9,1,61,14,6
Text Mining,7,11,1,94,36,13
Text Mining,4,9,3,47,22,10
Text Mining,3,9,2,55,30,3
Text Mining,10,14,1,83,22,4
Text Mining,3,4,1,36,21,3
Text Mining,11,11,3,109,38,10
Text Mining,10,11,3,87,23,3
Text Mining,3,3,1,26,18,5
Text Mining,6,4,2,79,24,3
Text Mining,4,7,3,55,15,5
Text Mining,4,12,2,53,28,5
Text Mining,6,11,3,36,14,2
Text Mining,4,6,4,47,27,6
Text Mining,5,9,3,65,13,6
Text Mining,4,3,2,57,25,4
Text Mining,6,10,3,94,54,13
Text Mining,3,4,0,68,29,7
Text Mining,4,13,2,35,10,3
Text Mining,4,7,1,76,32,4
Text Mining,5,6,5,76,20,4
Text Mining,6,18,3,43,27,8
Text Mining,5,8,5,42,18,7
Text Mining,5,5,2,80,28,8
Text Mining,8,19,4,39,35,8
Text Mining,3,10,1,58,10,7
Text Mining,7,11,3,64,45,2
Text Mining,6,10,3,76,26,4
Text Mining,4,7,3,49,28,3
Text Mining,3,9,3,64,10,5
Text Mining,3,7,3,70,28,3
Text Mining,6,10,2,67,25,5
Text Mining,6,14,2,68,25,3
Text Mining,5,8,3,46,19,4
Text Mining,3,4,0,48,31,2
Text Mining,4,6,1,100,22,6
Text Mining,7,11,4,93,58,6
Text Mining,4,10,1,57,39,9
Text Mining,4,9,1,69,31,5
Text Mining,7,5,2,54,16,8
Text Mining,1,4,2,58,29,4
Text Mining,3,9,4,68,44,14
Text Mining,7,8,4,57,25,4
Text Mining,5,6,2,54,26,9
Text Mining,4,13,4,47,22,5
Text Mining,1,9,2,72,27,4
Text Mining,5,6,3,68,24,6
Text Mining,8,18,4,61,40,7
Text Mining,4,4,1,52,21,4
Text Mining,6,14,1,40,26,7
Text Mining,13,14,3,117,39,9
Text Mining,4,10,4,64,35,10
Text Mining,6,9,2,88,38,10
Text Mining,5,7,1,95,41,3
Text Mining,7,12,3,54,21,8
Text Mining,1,5,0,48,21,2
Text Mining,7,10,1,62,26,5
Text Mining,8,12,2,90,30,3
Text Mining,2,5,1,94,27,3
Text Mining,1,13,3,57,14,9
Text Mining,3,7,3,102,31,3
Text Mining,9,10,0,80,24,1
Text Mining,4,11,0,66,23,7
Text Mining,4,11,2,61,20,6
Text Mining,5,10,2,59,25,5
Text Mining,5,5,3,81,21,3
Text Mining,5,13,1,77,40,9
Text Mining,10,16,1,45,16,9
Text Mining,3,3,2,58,22,11
Text Mining,7,11,3,72,47,9
Text Mining,3,2,0,44,22,9
Text Mining,6,7,2,98,39,6
Text Mining,4,11,4,34,45,12
Text Mining,7,9,4,82,43,10
Text Mining,2,7,3,46,27,8
Text Mining,6,8,2,42,21,3
Text Mining,5,9,4,21,22,5
Text Mining,5,5,3,52,21,5
Text Mining,8,6,0,73,31,10
Text Mining,8,12,4,91,25,5
Text Mining,4,10,0,86,44,13
Text Mining,5,11,2,70,26,6
Text Mining,8,9,1,35,19,7
Text Mining,6,14,6,79,47,16
Text Mining,7,7,2,73,39,11
Text Mining,6,14,1,89,46,9
Text Mining,6,8,4,73,21,6
Text Mining,6,8,4,71,52,10
Text Mining,4,5,4,31,27,6
Text Mining,8,12,2,90,24,3
Text Mining,6,11,2,75,20,4
Text Mining,2,11,3,50,11,3
Text Mining,4,7,2,61,25,8
Text Mining,6,11,1,101,11,10
Text Mining,5,13,2,57,47,13
Text Mining,5,7,0,63,46,10
Text Mining,7,13,2,90,33,6
Text Mining,5,9,1,58,26,7
Text Mining,3,9,2,62,24,5
Text Mining,5,13,1,54,26,4
Text Mining,5,7,0,72,22,6
Text Mining,6,6,3,95,30,5
Text Mining,3,10,3,44,25,6
Text Mining,5,12,5,50,24,6
Text Mining,4,12,5,6,14,5
Text Mining,5,10,3,51,17,2
Text Mining,9,8,2,64,12,4
Text Mining,4,7,4,87,29,4
Text Mining,7,10,1,36,13,4
Text Mining,5,8,0,69,21,7
Text Mining,3,6,3,51,22,5
Text Mining,6,8,2,64,19,5
Text Mining,3,9,4,95,38,7
Text Mining,3,7,4,53,16,9
Text Mining,5,7,0,63,19,5
Text Mining,5,9,0,57,11,8
Text Mining,3,11,3,54,36,10
Text Mining,7,7,2,57,26,7
Text Mining,2,6,0,64,29,2
Text Mining,5,10,3,54,16,1
Text Mining,6,6,1,124,54,12
Text Mining,6,8,1,46,23,4
Text Mining,6,10,0,67,37,9
Text Mining,5,11,0,33,7,3
Text Mining,5,10,3,34,38,16
Text Mining,4,8,1,86,30,9
Text Mining,5,6,3,89,28,1
Text Mining,1,11,1,58,17,6
Text Mining,4,4,1,60,38,6
Text Mining,3,7,2,44,35,10
Text Mining,6,16,2,49,20,4
Text Mining,4,12,3,69,39,5
Text Mining,1,6,0,88,47,9
Text Mining,7,11,0,57,20,3
Text Mining,6,11,2,53,20,9
Text Mining,4,3,2,47,23,11
Text Mining,3,8,1,100,40,5
Text Mining,6,11,3,34,18,4
Text Mining,2,10,1,46,27,12
Text Mining,4,11,4,52,53,14
Text Mining,2,7,6,44,11,5
Text Mining,3,7,2,36,29,7
Text Mining,11,6,1,82,16,4
Text Mining,4,8,1,89,42,7
Text Mining,5,12,5,61,20,3
Text Mining,6,10,1,83,40,3
Text Mining,7,11,3,72,17,6
Text Mining,2,4,0,48,32,6
Text Mining,2,5,1,51,36,10
Text Mining,3,7,4,39,16,8
Text Mining,5,9,3,38,27,6
Text Mining,5,7,3,73,49,14
Text Mining,8,15,3,79,26,7
Text Mining,6,11,4,71,29,10
Text Mining,8,5,0,92,36,5
Text Mining,6,10,3,81,22,3
Text Mining,7,12,2,87,52,22
Text Mining,9,9,6,74,38,11
Text Mining,3,5,1,69,41,13
Text Mining,4,10,2,89,28,2
Text Mining,7,9,1,52,18,4
Text Mining,10,8,1,92,48,5
Text Mining,8,10,1,54,20,9
Text Mining,4,16,5,41,25,13
Text Mining,3,4,0,25,20,4
Text Mining,9,7,1,79,43,5
Text Mining,7,9,1,76,25,7
Text Mining,5,8,1,30,18,4
Text Mining,9,13,4,101,42,4
Text Mining,4,9,0,33,34,12
Text Mining,2,7,4,48,24,4
Text Mining,6,10,1,75,31,8
Text Mining,3,6,2,56,26,5
Text Mining,2,7,2,21,18,5
Text Mining,2,5,1,56,25,6
Text Mining,3,10,0,66,22,6
Text Mining,3,10,3,92,25,5
Text Mining,4,8,3,87,24,5
Text Mining,6,8,0,57,34,4
Text Mining,4,7,1,51,13,10
Text Mining,6,6,1,63,16,6
Text Mining,2,9,1,28,29,9
Text Mining,6,18,5,55,34,11
Text Mining,5,9,4,40,13,4
Text Mining,5,9,2,73,41,13
Text Mining,3,11,3,63,42,2
Text Mining,2,8,2,44,33,6
Text Mining,5,13,3,71,10,7
Text Mining,5,6,3,55,24,8
Text Mining,4,5,2,35,35,8
Text Mining,8,14,1,87,25,3
Text Mining,4,7,1,66,39,5
Text Mining,3,7,0,53,21,7
Text Mining,8,13,4,82,22,8
Text Mining,3,7,5,30,30,4
Text Mining,3,12,2,53,25,8
Text Mining,3,6,1,81,51,10
Text Mining,5,10,5,37,14,3
Text Mining,3,9,2,37,14,0
Text Mining,3,4,1,53,19,3
Text Mining,3,12,0,50,14,5
Text Mining,9,6,5,60,42,6
Text Mining,2,5,2,109,18,10
Text Mining,6,7,4,41,40,5
Text Mining,2,6,2,29,37,15
Text Mining,9,9,1,104,58,9
Text Mining,3,10,2,45,36,10
Text Mining,4,9,2,41,31,1
Text Mining,6,14,0,79,49,0
Text Mining,7,11,0,69,28,3
Text Mining,5,9,3,47,30,7
Text Mining,11,13,2,73,17,14
Text Mining,4,7,1,51,51,17
Text Mining,4,8,4,80,29,11
Text Mining,6,8,0,62,20,5
Text Mining,3,9,5,42,19,7
Text Mining,6,17,3,83,62,7
Text Mining,4,10,1,26,15,3
Text Mining,4,6,3,55,17,9
Text Mining,5,5,0,115,42,1
Text Mining,3,5,5,52,15,4
Text Mining,4,9,3,56,25,8
Text Mining,6,12,1,59,15,1
Text Mining,8,7,3,80,26,5
Text Mining,3,14,2,78,13,1
Text Mining,5,8,1,46,27,2
Text Mining,8,7,1,96,25,8
Text Mining,3,6,3,66,25,2
Text Mining,5,11,3,29,12,7
Text Mining,4,7,2,61,29,2
Text Mining,2,5,2,66,22,8
Text Mining,5,3,3,75,56,9
Text Mining,12,12,1,93,24,2
Text Mining,6,9,1,113,49,4
Text Mining,5,8,3,43,27,5
Text Mining,9,16,1,65,16,4
Text Mining,1,8,1,70,21,6
Text Mining,4,7,0,78,16,3
Text Mining,4,7,6,29,22,5
Text Mining,6,2,0,81,31,5
Text Mining,3,12,6,67,20,11
Text Mining,3,10,5,37,19,4
Text Mining,0,6,3,44,30,8
Text Mining,3,13,4,103,26,5
Text Mining,2,8,2,62,32,9
Text Mining,6,12,2,78,15,6
Text Mining,8,9,4,86,69,20
Text Mining,2,9,4,53,19,3
Text Mining,5,8,3,108,17,5
Text Mining,6,8,0,91,59,11
Text Mining,8,11,0,67,34,2
Text Mining,4,6,5,87,19,10
Text Mining,6,13,3,45,43,8
Text Mining,5,7,3,46,18,7
Text Mining,5,7,1,85,25,8
Text Mining,6,9,3,24,22,7
Text Mining,2,7,0,52,25,14
Text Mining,7,15,1,84,41,6
Text Mining,1,4,0,71,15,3
Text Mining,7,10,2,63,15,8
Text Mining,5,5,2,65,29,7
Text Mining,6,6,0,96,30,6
Text Mining,7,7,2,36,29,6
Text Mining,12,13,3,46,16,2
Text Mining,7,9,0,102,33,6
Text Mining,2,9,4,53,9,7
Text Mining,10,15,3,62,44,5
Text Mining,6,11,2,37,17,6
Text Mining,3,7,3,67,32,11
Text Mining,7,11,6,86,24,5
Text Mining,5,8,1,64,27,6
Text Mining,5,9,0,120,17,10
Text Mining,5,7,3,62,25,9
Text Mining,3,5,2,72,57,11
Text Mining,4,11,5,78,24,6
Text Mining,5,8,4,65,18,6
Text Mining,1,11,7,43,19,4
Text Mining,6,7,0,130,49,4
Text Mining,3,3,1,111,51,10
Text Mining,3,5,1,71,23,8
Text Mining,5,8,1,70,21,5
Text Mining,5,16,1,48,24,3
Text Mining,10,7,1,62,13,7
Text Mining,1,8,4,61,26,7
Text Mining,3,10,1,57,29,3
Text Mining,10,9,3,81,58,10
Text Mining,4,11,0,57,22,2
Text Mining,8,8,1,35,21,9
Text Mining,5,10,3,66,38,14
Text Mining,2,6,1,27,21,13
Text Mining,3,10,2,41,19,4
Text Mining,5,10,2,91,27,12
Text Mining,4,11,0,83,29,9
Text Mining,4,9,4,46,29,6
Text Mining,7,12,1,78,40,5
Text Mining,6,8,1,81,40,2
Text Mining,6,4,1,121,43,6
Text Mining,5,9,0,121,35,1
Text Mining,4,9,1,55,27,8
Text Mining,7,11,3,82,35,10
Text Mining,5,15,2,73,6,3
Text Mining,6,9,1,49,24,1
Text Mining,5,6,1,73,22,7
Text Mining,3,8,3,35,19,6
Text Mining,2,12,2,26,5,6
Text Mining,4,6,5,44,34,7
Text Mining,6,12,4,82,27,12
Text Mining,1,6,6,45,17,4
Text Mining,6,3,3,49,19,7
Text Mining,1,5,2,62,17,7
Text Mining,1,5,6,27,21,5
Text Mining,8,10,1,97,45,10
Text Mining,2,9,6,82,38,3
Text Mining,4,7,3,75,28,10
Text Mining,4,11,2,96,18,6
Text Mining,8,9,3,80,16,1
Text Mining,5,9,0,83,12,9
Text Mining,6,6,0,53,23,10
Text Mining,3,11,2,49,12,7
Text Mining,4,7,1,50,23,9
Text Mining,8,8,0,81,34,2
Text Mining,8,8,2,58,15,4
Text Mining,4,2,1,43,22,10
Text Mining,5,8,0,71,22,6
Text Mining,4,7,2,67,50,6
Text Mining,2,9,3,70,34,7
Text Mining,5,3,6,73,36,6
Text Mining,7,10,0,97,35,4
Text Mining,4,8,4,36,18,8
Text Mining,4,8,3,56,24,11
Text Mining,3,9,2,67,14,8
Text Mining,8,11,4,44,11,3
Text Mining,6,12,3,53,32,10
Text Mining,3,15,1,65,34,5
Text Mining,4,9,3,53,37,6
Text Mining,3,8,4,79,11,3
Text Mining,5,8,4,49,38,13
Text Mining,6,9,4,94,73,23
Text Mining,2,5,2,45,15,3
Text Mining,2,5,2,29,24,10
Text Mining,2,5,3,69,13,5
Text Mining,7,5,1,81,46,12
Text Mining,5,13,3,79,46,5
Text Mining,5,8,2,59,59,21
Text Mining,5,6,0,69,42,6
Text Mining,4,7,4,13,13,3
Text Mining,4,10,4,34,49,12
Text Mining,5,6,0,70,19,3
Text Mining,2,9,5,72,14,1
Text Mining,4,10,5,83,14,11
Text Mining,6,8,0,61,48,6
Text Mining,5,10,0,111,37,3
Text Mining,6,8,6,90,44,17
Text Mining,4,9,2,55,26,12
Text Mining,5,7,1,85,28,7
Text Mining,1,7,1,75,17,2
Text Mining,5,10,3,64,36,4
Text Mining,12,7,1,117,39,5
Text Mining,4,15,4,33,15,5
Text Mining,2,6,3,54,25,11
Text Mining,6,9,2,135,68,15
Text Mining,4,5,2,59,29,9
Text Mining,2,6,2,49,29,2
Text Mining,3,11,4,77,11,5
Text Mining,5,10,2,110,28,4
Text Mining,9,13,2,40,30,2
Text Mining,5,7,4,52,25,10
Text Mining,3,10,4,20,24,10
Text Mining,5,9,1,51,26,3
Text Mining,3,8,2,53,16,3
Text Mining,6,9,4,66,53,12
Text Mining,3,6,2,44,26,1
Text Mining,7,8,2,69,45,8
Text Mining,7,10,4,71,15,6
Text Mining,6,4,1,114,47,6
Text Mining,6,16,2,49,11,3
Text Mining,6,10,2,66,39,13
Text Mining,7,10,0,103,71,5
Text Mining,4,16,4,32,17,6
Text Mining,14,15,2,100,52,4
Text Mining,4,8,0,67,29,3
Text Mining,5,7,2,80,20,6
Text Mining,6,12,3,76,31,2
Text Mining,4,8,2,52,44,12
Text Mining,4,10,2,35,29,2
Information Retrieval,4,13,0,48,43,6
Information Retrieval,7,13,3,66,14,5
Information Retrieval,5,12,3,31,29,10
Information Retrieval,5,15,2,24,32,7
Information Retrieval,3,8,3,74,33,9
Information Retrieval,3,11,2,53,32,5
Information Retrieval,9,10,2,99,52,9
Information Retrieval,3,7,4,20,22,4
Information Retrieval,12,18,4,110,41,10
Information Retrieval,6,13,6,90,39,10
Information Retrieval,7,14,3,129,51,13
Information Retrieval,3,8,4,46,22,8
Information Retrieval,2,5,3,28,24,6
Information Retrieval,5,9,3,52,37,11
Information Retrieval,2,10,1,56,52,9
Information Retrieval,4,10,3,46,26,11
Information Retrieval,8,7,2,65,27,2
Information Retrieval,4,6,2,47,20,9
Information Retrieval,7,12,3,64,46,14
Information Retrieval,11,14,4,60,37,11
Information Retrieval,4,6,0,61,26,6
Information Retrieval,6,13,4,62,37,9
Information Retrieval,5,9,3,73,47,7
Information Retrieval,3,6,4,106,36,1
Information Retrieval,6,7,3,76,31,16
Information Retrieval,2,12,4,38,22,7
Information Retrieval,4,9,2,54,25,4
Information Retrieval,6,16,3,127,51,7
Information Retrieval,5,6,2,57,18,7
Information Retrieval,5,10,2,23,17,4
Information Retrieval,3,17,6,51,27,6
Information Retrieval,7,5,3,78,32,13
Information Retrieval,6,1,3,74,27,2
Information Retrieval,4,9,3,37,24,3
Information Retrieval,9,7,3,97,56,13
Information Retrieval,4,5,1,55,26,3
Information Retrieval,2,6,1,66,33,9
Information Retrieval,6,14,5,50,28,7
Information Retrieval,3,10,4,20,24,10
Information Retrieval,4,17,7,70,77,26
Information Retrieval,6,6,2,86,38,6
Information Retrieval,6,11,4,47,32,7
Information Retrieval,3,7,6,15,34,19
Information Retrieval,6,12,3,65,47,8
Information Retrieval,5,8,2,98,37,6
Information Retrieval,2,7,5,35,23,7
Information Retrieval,3,11,3,55,45,11
Information Retrieval,3,11,5,58,34,7
Information Retrieval,3,10,2,30,23,9
Information Retrieval,7,5,1,64,32,3
Information Retrieval,4,9,2,35,30,6
Information Retrieval,9,10,2,89,56,4
Information Retrieval,2,11,5,62,26,10
Information Retrieval,5,12,3,47,21,10
Information Retrieval,9,15,5,57,35,9
Information Retrieval,3,6,3,45,26,4
Information Retrieval,5,11,1,76,37,6
Information Retrieval,6,9,5,60,25,13
Information Retrieval,3,6,3,49,29,2
Information Retrieval,3,11,5,45,16,5
Information Retrieval,5,10,3,60,30,4
Information Retrieval,2,4,3,19,15,7
Information Retrieval,2,9,3,26,49,24
Information Retrieval,7,9,6,76,40,8
Information Retrieval,3,7,4,11,26,12
Information Retrieval,4,8,2,88,35,8
Information Retrieval,5,4,4,37,25,6
Information Retrieval,3,13,8,30,21,8
Information Retrieval,8,14,4,71,44,12
Information Retrieval,4,14,5,39,47,16
Information Retrieval,4,13,2,94,41,7
Information Retrieval,4,8,3,51,38,4
Information Retrieval,5,16,4,55,28,9
Information Retrieval,6,8,1,141,33,1
Information Retrieval,9,10,1,89,102,20
Information Retrieval,4,10,3,51,36,8
Information Retrieval,2,8,6,36,12,9
Information Retrieval,5,11,4,92,20,6
Information Retrieval,5,9,1,52,23,3
Information Retrieval,2,4,6,77,44,7
Information Retrieval,5,4,0,82,56,7
Information Retrieval,3,7,2,49,29,7
Information Retrieval,6,10,3,68,43,11
Information Retrieval,3,10,5,36,16,4
Information Retrieval,2,5,2,75,22,11
Information Retrieval,3,7,5,77,42,3
Information Retrieval,4,7,0,66,31,5
Information Retrieval,2,10,5,39,41,13
Information Retrieval,6,11,3,37,13,7
Information Retrieval,3,8,4,51,61,31
Information Retrieval,7,15,5,95,70,16
Information Retrieval,8,12,6,54,15,3
Information Retrieval,5,10,4,49,19,9
Information Retrieval,6,7,1,66,24,4
Information Retrieval,1,5,4,32,36,12
Information Retrieval,3,10,3,62,28,13
Information Retrieval,8,5,0,65,30,4
Information Retrieval,4,14,4,53,69,13
Information Retrieval,9,13,7,65,25,5
Information Retrieval,5,12,3,101,38,5
Information Retrieval,7,13,0,38,23,7
Information Retrieval,6,6,3,67,21,5
Information Retrieval,6,13,4,23,26,15
Information Retrieval,6,10,4,57,28,7
Information Retrieval,6,8,7,38,23,7
Information Retrieval,6,8,5,40,19,6
Information Retrieval,1,3,1,25,30,10
Information Retrieval,5,11,3,66,30,9
Information Retrieval,8,13,3,80,26,6
Information Retrieval,2,6,2,22,36,9
Information Retrieval,5,7,1,55,16,5
Information Retrieval,7,13,7,71,50,21
Information Retrieval,4,10,2,50,35,15
Information Retrieval,6,9,1,26,28,6
Information Retrieval,6,11,4,105,49,16
Information Retrieval,4,6,3,40,19,3
Information Retrieval,3,10,5,68,23,4
Information Retrieval,6,15,1,140,83,9
Information Retrieval,4,14,3,13,25,4
Information Retrieval,7,14,3,81,55,8
Information Retrieval,3,12,4,44,33,7
Information Retrieval,5,9,1,69,29,7
Information Retrieval,6,11,5,70,35,8
Information Retrieval,3,15,3,26,28,6
Information Retrieval,5,11,1,51,34,7
Information Retrieval,4,11,4,34,21,5
Information Retrieval,3,11,2,28,29,6
Information Retrieval,7,9,3,64,39,11
Information Retrieval,4,16,8,31,23,9
Information Retrieval,8,8,1,79,35,3
Information Retrieval,5,12,4,75,56,14
Information Retrieval,2,9,6,28,14,8
Information Retrieval,4,7,2,62,38,6
Information Retrieval,3,9,4,42,48,19
Information Retrieval,4,6,1,131,54,4
Information Retrieval,5,18,4,46,18,9
Information Retrieval,3,8,4,43,19,10
Information Retrieval,4,9,4,25,14,5
Information Retrieval,2,5,4,36,24,10
Information Retrieval,7,5,1,51,21,2
Information Retrieval,10,11,2,92,45,8
Information Retrieval,4,15,4,71,24,7
Information Retrieval,4,7,6,24,29,7
Information Retrieval,1,7,1,55,12,5
Information Retrieval,5,7,6,60,14,4
Information Retrieval,4,6,3,65,20,7
Information Retrieval,5,9,1,40,37,6
Information Retrieval,4,11,4,38,12,1
Information Retrieval,6,6,2,108,36,2
Information Retrieval,3,10,1,25,23,6
Information Retrieval,8,7,0,92,43,18
Information Retrieval,3,8,2,52,37,7
Information Retrieval,7,13,5,79,53,18
Information Retrieval,7,8,2,89,39,1
Information Retrieval,5,13,6,77,29,9
Information Retrieval,6,8,2,76,39,10
Information Retrieval,8,11,0,51,33,3
Information Retrieval,7,11,2,75,33,4
Information Retrieval,5,6,4,63,34,8
Information Retrieval,2,12,3,55,52,19
Information Retrieval,8,2,0,79,45,9
Information Retrieval,2,6,2,38,20,3
Information Retrieval,7,11,2,99,35,6
Information Retrieval,5,4,1,98,46,9
Information Retrieval,4,8,3,90,39,11
Information Retrieval,3,12,3,39,33,11
Information Retrieval,5,7,2,70,42,15
Information Retrieval,6,8,1,53,23,9
Information Retrieval,9,6,3,109,53,15
Information Retrieval,7,11,5,75,14,3
Information Retrieval,5,9,3,40,30,13
Information Retrieval,3,5,1,36,27,4
Information Retrieval,4,11,3,28,15,10
Information Retrieval,3,8,2,40,9,4
Information Retrieval,3,8,4,42,15,5
Information Retrieval,5,6,3,48,24,2
Information Retrieval,8,13,0,53,25,2
Information Retrieval,1,14,2,56,27,5
Information Retrieval,6,12,1,72,35,7
Information Retrieval,6,11,4,47,50,18
Information Retrieval,3,5,3,28,21,9
Information Retrieval,4,9,5,26,18,3
Information Retrieval,5,15,3,44,29,9
Information Retrieval,3,9,4,60,14,5
Information Retrieval,4,13,7,34,22,9
Information Retrieval,5,6,3,25,17,3
Information Retrieval,7,6,1,109,64,9
Information Retrieval,6,11,1,105,35,6
Information Retrieval,3,9,4,60,22,5
Information Retrieval,5,3,2,55,18,4
Information Retrieval,3,6,2,49,25,12
Information Retrieval,3,9,4,30,15,10
Information Retrieval,3,9,7,62,29,10
Information Retrieval,10,12,1,36,21,3
Information Retrieval,3,7,6,34,18,9
Information Retrieval,4,6,3,31,21,9
Information Retrieval,5,4,0,72,30,5
Information Retrieval,3,9,4,56,26,10
Information Retrieval,7,9,4,27,27,11
Information Retrieval,5,9,4,64,34,7
Information Retrieval,5,15,2,72,6,1
Information Retrieval,5,9,5,42,29,8
Information Retrieval,5,10,4,47,51,21
Information Retrieval,5,6,1,58,30,7
Information Retrieval,12,9,4,67,22,4
Information Retrieval,3,8,4,57,54,22
Information Retrieval,4,8,4,47,15,5
Information Retrieval,5,8,0,61,30,6
Information Retrieval,3,10,7,35,17,5
Information Retrieval,4,9,4,38,32,14
Information Retrieval,5,11,3,41,34,14
Information Retrieval,5,8,4,56,49,22
Information Retrieval,2,10,2,49,19,5
Information Retrieval,2,16,4,61,17,8
Information Retrieval,6,13,2,64,30,9
Information Retrieval,5,7,3,61,22,3
Information Retrieval,5,9,2,91,36,4
Information Retrieval,3,10,3,58,28,5
Information Retrieval,3,10,2,75,37,3
Information Retrieval,4,10,3,80,15,4
Information Retrieval,4,3,5,37,26,6
Information Retrieval,2,6,0,49,17,1
Information Retrieval,5,6,5,60,30,1
Information Retrieval,4,16,2,42,38,11
Information Retrieval,5,8,1,55,25,10
Information Retrieval,1,5,4,55,22,9
Information Retrieval,3,8,4,19,13,4
Information Retrieval,3,0,1,89,30,10
Information Retrieval,3,9,3,70,37,6
Information Retrieval,6,10,2,67,28,9
Information Retrieval,3,11,5,50,26,4
Information Retrieval,1,7,10,23,13,6
Information Retrieval,5,10,1,95,41,9
Information Retrieval,6,10,1,36,32,14
Information Retrieval,9,9,0,81,19,7
Information Retrieval,2,12,5,98,23,6
Information Retrieval,8,6,2,43,20,9
Information Retrieval,3,14,3,38,26,10
Information Retrieval,6,10,2,83,30,6
Information Retrieval,3,10,6,81,13,7
Information Retrieval,3,10,5,35,21,6
Information Retrieval,6,18,7,47,28,12
Information Retrieval,2,11,4,40,22,6
Information Retrieval,4,10,1,48,27,6
Information Retrieval,3,4,1,53,23,10
Information Retrieval,4,10,3,57,22,8
Information Retrieval,1,9,1,100,55,10
Information Retrieval,7,12,3,40,22,7
Information Retrieval,6,5,4,77,22,1
Information Retrieval,3,8,6,24,15,9
Information Retrieval,4,11,8,54,34,7
Information Retrieval,5,15,5,81,19,7
Information Retrieval,6,9,4,35,19,8
Information Retrieval,6,13,1,31,17,2
Information Retrieval,5,9,4,40,23,6
Information Retrieval,6,9,3,56,11,6
Information Retrieval,4,10,2,95,26,5
Information Retrieval,4,7,4,70,26,11
Information Retrieval,3,7,3,50,26,5
Information Retrieval,9,16,5,79,25,6
Information Retrieval,4,7,1,42,21,5
Information Retrieval,5,12,5,49,9,13
Information Retrieval,6,9,3,40,32,4
Information Retrieval,5,10,4,108,45,11
Information Retrieval,5,8,2,50,50,13
Information Retrieval,4,11,3,48,14,3
Information Retrieval,2,12,6,52,22,9
Information Retrieval,4,12,1,63,39,7
Information Retrieval,7,12,2,66,27,5
Information Retrieval,5,11,0,37,15,6
Information Retrieval,6,7,1,47,37,10
Information Retrieval,4,4,1,59,24,1
Information Retrieval,8,13,2,68,56,13
Information Retrieval,2,14,2,130,16,1
Information Retrieval,3,10,3,52,29,4
Information Retrieval,4,9,1,58,29,6
Information Retrieval,4,9,6,23,23,14
Information Retrieval,5,7,1,84,57,9
Information Retrieval,4,16,3,46,48,10
Information Retrieval,5,1,3,59,19,5
Information Retrieval,8,11,1,95,104,11
Information Retrieval,6,9,1,76,27,6
Information Retrieval,3,7,2,43,28,5
Information Retrieval,3,10,2,49,25,9
Information Retrieval,3,9,1,37,14,9
Information Retrieval,4,7,2,62,19,7
Information Retrieval,4,7,2,28,17,6
Information Retrieval,3,6,4,73,30,4
Information Retrieval,4,4,2,50,31,11
Information Retrieval,6,12,5,80,30,5
Information Retrieval,5,3,0,89,47,1
Information Retrieval,6,17,5,40,16,7
Information Retrieval,6,14,5,51,34,15
Information Retrieval,4,4,1,44,23,5
Information Retrieval,2,4,5,15,13,5
Information Retrieval,5,9,1,44,41,7
Information Retrieval,3,9,1,69,30,3
Information Retrieval,5,3,1,37,15,7
Information Retrieval,3,12,4,83,34,2
Information Retrieval,9,9,4,131,39,8
Information Retrieval,6,8,3,52,21,9
Information Retrieval,4,7,0,41,19,4
Information Retrieval,6,12,3,78,25,5
Information Retrieval,7,13,3,29,14,7
Information Retrieval,8,6,2,110,52,7
Information Retrieval,5,12,4,36,44,21
Information Retrieval,7,9,2,140,77,9
Information Retrieval,6,11,2,77,38,4
Information Retrieval,5,7,4,41,38,14
Information Retrieval,4,8,2,51,26,3
Information Retrieval,5,8,2,42,25,6
Information Retrieval,3,11,1,56,29,7
Information Retrieval,6,12,0,51,62,0
Information Retrieval,4,9,4,106,41,7
Information Retrieval,5,12,4,41,9,5
Information Retrieval,6,7,2,48,50,10
Information Retrieval,5,10,1,83,37,2
Information Retrieval,2,10,5,24,15,6
Information Retrieval,3,10,2,41,36,10
Information Retrieval,4,6,3,35,24,4
Information Retrieval,6,11,4,28,39,15
Information Retrieval,4,7,2,1,10,2
Information Retrieval,4,14,2,92,27,3
Information Retrieval,5,6,3,117,23,1
Information Retrieval,2,8,4,56,30,9
Information Retrieval,5,8,1,75,35,4
Information Retrieval,6,8,4,52,18,8
Information Retrieval,3,6,2,60,37,4
Information Retrieval,4,6,7,25,23,13
Information Retrieval,4,14,0,48,17,6
Information Retrieval,9,3,0,87,24,5
Information Retrieval,6,12,2,63,44,3
Information Retrieval,4,6,1,77,37,3
Information Retrieval,5,10,5,70,22,2
Information Retrieval,5,10,1,80,32,5
Information Retrieval,6,15,1,89,39,7
Information Retrieval,3,10,3,50,26,5
Information Retrieval,5,11,2,64,23,5
Information Retrieval,7,9,4,73,24,3
Information Retrieval,5,7,2,54,24,6
Information Retrieval,5,7,4,74,24,4
Information Retrieval,0,10,8,46,23,6
Information Retrieval,3,12,1,43,16,2
Information Retrieval,8,11,3,53,23,4
Information Retrieval,6,15,2,70,8,8
Information Retrieval,5,14,2,95,25,6
Information Retrieval,6,10,2,77,58,3
Information Retrieval,4,8,2,56,31,5
Information Retrieval,3,10,4,48,20,6
Information Retrieval,3,11,3,26,25,3
Information Retrieval,4,6,5,40,21,8
Information Retrieval,1,9,1,39,21,8
Information Retrieval,3,7,6,36,23,10
Information Retrieval,2,11,3,39,19,8
Information Retrieval,5,9,5,13,17,8
Information Retrieval,8,14,3,62,53,12
Information Retrieval,4,17,8,16,18,9
Information Retrieval,5,11,5,16,23,6
Information Retrieval,7,9,3,71,20,7
Information Retrieval,5,7,2,40,37,8
Information Retrieval,4,9,3,95,39,7
Information Retrieval,5,7,2,71,35,20
Information Retrieval,8,16,2,55,17,6
Information Retrieval,2,8,7,83,10,5
Information Retrieval,6,8,4,118,28,4
Information Retrieval,7,10,3,71,14,1
Information Retrieval,6,15,2,55,25,10
Information Retrieval,3,11,4,98,30,13
Information Retrieval,2,5,2,42,24,3
Information Retrieval,3,8,4,18,26,10
Information Retrieval,5,10,1,129,40,6
Information Retrieval,5,7,2,42,24,9
Information Retrieval,5,11,0,105,53,1
Information Retrieval,2,9,2,61,28,6
Information Retrieval,3,6,6,48,24,7
Information Retrieval,3,6,3,54,19,5
Information Retrieval,5,7,2,57,19,9
Information Retrieval,5,7,1,88,34,4
Information Retrieval,5,10,3,42,31,5
Information Retrieval,3,9,5,53,31,6
Information Retrieval,2,7,3,50,22,4
Information Retrieval,3,8,2,39,14,4
Information Retrieval,2,8,5,58,18,6
Information Retrieval,4,11,2,62,22,11
Information Retrieval,3,3,1,54,16,8
Information Retrieval,3,6,2,49,23,5
Information Retrieval,4,8,2,68,27,7
Information Retrieval,5,11,4,124,65,15
Information Retrieval,6,11,2,99,50,2
Information Retrieval,6,6,2,84,40,14
Information Retrieval,6,2,0,101,69,17
Information Retrieval,3,10,1,97,39,5
Information Retrieval,2,14,6,47,17,10
Information Retrieval,4,5,1,67,48,13
Information Retrieval,5,10,3,42,23,1
Information Retrieval,3,10,6,74,32,5
Information Retrieval,3,9,2,22,16,10
Information Retrieval,5,8,1,21,19,3
Information Retrieval,0,9,3,73,28,12
Information Retrieval,4,10,3,79,40,11
Information Retrieval,4,5,5,48,28,8
Information Retrieval,6,12,1,74,33,7
Information Retrieval,5,12,6,27,21,9
Information Retrieval,3,8,1,37,32,1
Information Retrieval,4,14,3,65,19,3
Information Retrieval,8,9,2,129,18,6
Information Retrieval,6,6,3,33,35,6
Information Retrieval,5,13,2,37,29,15
Information Retrieval,9,12,5,61,27,5
Information Retrieval,4,9,5,62,27,7
Information Retrieval,9,13,2,68,40,6
Information Retrieval,7,6,1,55,29,7
Information Retrieval,4,11,1,109,32,2
Information Retrieval,4,9,0,38,17,7
Information Retrieval,3,5,0,99,24,4
Information Retrieval,6,12,2,55,23,7
Information Retrieval,5,10,2,42,33,9
Information Retrieval,6,9,1,71,52,6
Information Retrieval,5,9,5,33,22,8
Information Retrieval,10,11,3,95,32,1
Information Retrieval,3,9,3,33,18,5
Information Retrieval,5,7,2,66,16,6
Information Retrieval,4,9,4,10,18,5
Information Retrieval,4,14,5,39,30,4
Information Retrieval,4,10,1,137,82,6
Information Retrieval,10,14,2,69,47,6
Information Retrieval,2,11,8,70,33,14
Information Retrieval,3,9,2,78,28,10
Information Retrieval,4,11,3,54,52,16
Information Retrieval,0,11,10,0,0,1
Information Retrieval,7,7,2,72,35,2
Information Retrieval,4,7,1,31,19,2
Information Retrieval,6,4,0,115,32,5
Information Retrieval,1,9,5,73,26,10
Information Retrieval,3,8,1,55,30,8
Information Retrieval,6,14,1,62,25,12
Information Retrieval,6,8,4,53,22,7
Information Retrieval,4,10,5,33,21,11
Information Retrieval,8,11,3,38,19,6
Information Retrieval,6,12,3,64,20,4
Information Retrieval,8,9,1,48,38,6
Information Retrieval,7,7,3,52,24,0
Information Retrieval,5,12,10,67,20,11
Information Retrieval,5,7,1,92,36,10
Information Retrieval,4,4,0,52,46,12
Information Retrieval,6,9,5,43,39,9
Information Retrieval,4,13,5,78,36,4
Information Retrieval,5,10,3,48,35,7
Information Retrieval,7,16,2,61,19,2
Information Retrieval,4,14,2,54,27,6
Information Retrieval,3,8,1,74,33,12
Information Retrieval,6,8,1,126,51,5
Information Retrieval,4,9,5,45,18,5
Information Retrieval,4,4,3,42,28,11
Information Retrieval,7,6,0,89,23,4
Information Retrieval,6,11,1,55,16,1
Information Retrieval,6,8,3,81,45,12
Information Retrieval,4,11,5,38,45,22
Information Retrieval,4,6,5,66,16,4
Information Retrieval,5,10,2,113,42,9
Information Retrieval,4,5,2,82,32,11
Information Retrieval,4,9,4,10,18,5
Information Retrieval,7,6,2,70,19,12
Information Retrieval,6,8,2,76,14,6
Information Retrieval,3,9,2,42,33,4
Information Retrieval,6,8,1,69,25,7
Information Retrieval,6,12,5,98,26,15
Information Retrieval,5,8,0,46,20,7
Information Retrieval,4,17,4,34,38,14
Information Retrieval,3,14,8,56,21,10
Information Retrieval,4,6,1,18,21,3
Information Retrieval,7,9,1,40,18,2
Information Retrieval,1,10,3,61,27,8
Information Retrieval,3,12,0,50,14,5
Information Retrieval,4,9,1,37,37,4
Information Retrieval,3,7,6,47,16,6
Information Retrieval,3,12,3,70,32,9
Information Retrieval,6,14,3,43,31,14
Information Retrieval,4,7,0,72,35,13
Information Retrieval,3,12,0,70,37,9
Information Retrieval,3,12,1,69,15,7
Information Retrieval,7,6,0,49,31,8
Information Retrieval,6,14,1,46,23,7
Information Retrieval,5,7,2,69,23,7
Information Retrieval,6,10,1,70,38,7
Information Retrieval,4,13,4,66,41,11
Information Retrieval,4,4,0,51,17,7
Information Retrieval,5,6,1,34,33,4
Information Retrieval,5,14,3,92,11,5
Information Retrieval,5,15,3,87,54,6
Information Retrieval,5,6,2,68,36,6
Information Retrieval,6,6,2,122,42,14
Information Retrieval,7,8,4,58,18,7
Information Retrieval,10,13,3,87,12,4
Information Retrieval,5,9,1,87,14,9
Information Retrieval,4,11,5,89,24,3
Information Retrieval,4,6,4,29,17,9
Information Retrieval,4,8,2,61,39,12
Information Retrieval,6,11,3,97,52,12
Information Retrieval,3,14,4,30,20,8
Information Retrieval,3,8,4,80,27,9
Information Retrieval,6,13,7,58,26,12
Information Retrieval,2,9,4,62,24,7
Information Retrieval,3,8,3,31,29,9
Information Retrieval,4,12,6,86,25,4
Information Retrieval,2,6,1,56,21,14
Information Retrieval,1,7,2,76,18,6
Information Retrieval,7,14,1,103,36,6
Information Retrieval,5,11,5,65,39,6
Information Retrieval,3,12,0,55,10,3
Information Retrieval,6,11,2,72,37,9
Information Retrieval,5,7,1,71,49,13
Information Retrieval,8,11,2,100,60,20
Information Retrieval,2,7,0,93,61,15
Information Retrieval,5,10,2,78,42,12
Information Retrieval,7,11,4,51,27,6
Information Retrieval,6,8,0,88,34,5
Information Retrieval,6,10,1,50,43,2
Information Retrieval,3,5,1,79,38,9
Information Retrieval,12,2,1,63,19,7
Information Retrieval,3,3,1,66,36,9
Information Retrieval,4,11,2,94,30,10
Information Retrieval,3,11,4,33,20,4
Information Retrieval,4,6,2,94,42,5
Information Retrieval,2,5,2,51,8,6
Information Retrieval,3,8,2,95,39,6
Information Retrieval,8,9,2,97,15,8
Information Retrieval,4,10,3,89,17,6
Information Retrieval,6,4,0,79,17,5
Information Retrieval,2,7,4,36,17,9
Information Retrieval,6,8,0,127,44,7
Information Retrieval,6,8,1,55,24,4
Information Retrieval,7,10,2,93,35,5
Information Retrieval,7,7,1,91,40,11
Information Retrieval,6,8,2,58,20,2
Information Retrieval,4,10,2,81,53,16
Information Retrieval,7,8,0,105,57,10
Information Retrieval,3,6,2,32,21,3
Information Retrieval,4,8,2,63,28,3
Information Retrieval,6,5,3,53,17,3
Information Retrieval,6,15,3,90,39,3
Information Retrieval,5,7,1,64,38,9
Information Retrieval,2,10,4,47,25,6
Information Retrieval,5,10,2,56,18,3
Information Retrieval,7,9,3,85,25,4
Information Retrieval,4,6,0,57,13,6
Information Retrieval,5,13,1,65,33,9
Information Retrieval,7,9,2,82,44,10
Information Retrieval,6,14,2,91,43,7
Information Retrieval,4,6,1,61,68,6
Information Retrieval,6,7,1,70,29,3
Information Retrieval,3,7,1,85,22,6
Information Retrieval,7,13,8,27,11,4
Information Retrieval,8,8,2,72,50,7
Information Retrieval,7,14,2,48,26,3
Information Retrieval,7,13,2,50,38,11
Information Retrieval,6,9,0,78,33,3
Information Retrieval,4,10,1,52,40,8
Information Retrieval,6,12,1,22,15,3
Information Retrieval,2,8,3,50,27,8
Information Retrieval,6,8,4,46,31,12
Information Retrieval,5,9,1,90,52,2
Information Retrieval,4,5,2,85,27,9
Information Retrieval,4,9,3,78,65,20
Information Retrieval,8,13,1,67,21,5
Information Retrieval,4,7,4,30,21,14
Information Retrieval,8,6,0,102,18,1
Information Retrieval,6,9,2,42,11,6
Information Retrieval,6,11,0,56,13,7
Information Retrieval,6,5,4,54,27,10
Information Retrieval,5,9,4,91,27,3
Information Retrieval,7,8,4,63,33,8
Information Retrieval,2,7,1,98,55,7
Information Retrieval,5,9,4,53,33,8
Information Retrieval,4,10,3,30,27,8
Information Retrieval,8,15,2,74,30,5
Information Retrieval,3,8,2,33,20,6
Information Retrieval,2,11,5,61,27,6
Information Retrieval,3,5,3,129,48,7
Information Retrieval,3,8,3,33,21,11
Information Retrieval,2,5,1,36,35,11
Information Retrieval,5,14,2,80,31,2
Information Retrieval,6,5,2,111,25,5
Information Retrieval,8,12,1,78,26,10
Information Retrieval,4,9,3,34,29,4
Information Retrieval,4,6,2,98,25,6
Information Retrieval,6,8,1,50,19,0
Information Retrieval,4,9,2,95,34,8
Information Retrieval,6,9,0,70,25,2
Information Retrieval,3,14,3,28,26,6
Information Retrieval,8,14,2,81,26,10
Information Retrieval,2,7,3,58,20,7
Information Retrieval,5,7,4,76,26,8
Information Retrieval,4,3,1,88,28,5
Information Retrieval,6,10,3,80,16,2
Information Retrieval,7,18,1,92,40,13
Information Retrieval,5,12,3,59,29,5
Information Retrieval,1,12,6,103,21,7
Information Retrieval,6,10,0,44,28,4
Information Retrieval,6,9,3,58,12,3
Information Retrieval,4,10,4,55,9,6
Information Retrieval,4,17,6,79,21,8
Information Retrieval,9,7,0,39,21,1
Information Retrieval,4,5,2,50,38,16
Information Retrieval,7,7,0,61,23,1
Information Retrieval,4,11,6,46,22,5
Information Retrieval,3,12,3,40,25,9
Information Retrieval,3,10,6,16,12,6
Information Retrieval,8,14,3,72,32,5
Information Retrieval,4,10,4,36,18,1
Information Retrieval,2,6,2,32,22,2
Information Retrieval,4,7,2,71,57,8
Information Retrieval,3,11,4,40,33,12
Information Retrieval,4,5,2,45,38,13
Information Retrieval,4,9,2,49,22,5
Information Retrieval,6,9,3,88,43,7
Information Retrieval,5,6,1,41,18,9
Information Retrieval,6,9,2,55,9,5
Information Retrieval,5,8,5,67,34,15
Information Retrieval,4,9,4,16,15,4
Information Retrieval,5,7,1,50,20,8
Information Retrieval,4,6,2,58,28,8
Information Retrieval,7,10,3,57,24,3
Information Retrieval,7,11,1,118,40,2
Information Retrieval,4,12,2,23,26,8
Information Retrieval,6,10,0,46,18,11
Information Retrieval,2,6,4,41,15,8
Information Retrieval,3,5,2,23,13,4
Information Retrieval,3,11,2,54,26,8
Information Retrieval,5,5,1,85,17,1
Information Retrieval,2,12,3,103,26,8
Information Retrieval,4,9,4,61,21,12
Information Retrieval,0,9,3,29,31,11
Information Retrieval,3,7,2,45,16,1
Information Retrieval,2,10,3,34,24,8
Information Retrieval,2,2,2,88,46,6
Information Retrieval,6,3,1,129,31,1
Information Retrieval,6,8,2,43,33,11
Information Retrieval,6,9,3,114,26,15
Information Retrieval,5,13,1,77,36,5
Information Retrieval,3,10,7,0,0,0
Information Retrieval,3,12,3,56,16,4
Information Retrieval,8,12,4,101,40,8
Information Retrieval,2,6,5,26,17,9
Information Retrieval,3,6,0,62,28,12
Information Retrieval,3,5,0,75,29,9
Information Retrieval,3,8,5,59,22,11
Information Retrieval,4,7,0,101,26,5
Information Retrieval,8,6,0,102,31,2
Information Retrieval,1,8,3,69,35,3
Information Retrieval,5,8,3,94,35,7
Information Retrieval,6,12,3,56,27,8
Information Retrieval,2,2,1,73,38,7
Information Retrieval,3,11,4,42,19,5
Information Retrieval,5,9,3,24,17,6
Information Retrieval,7,8,2,64,31,3
Information Retrieval,3,9,4,45,14,6
Information Retrieval,10,15,2,89,50,9
Information Retrieval,4,4,1,100,53,7
Information Retrieval,2,5,3,38,12,3
Information Retrieval,6,6,3,74,20,7
Information Retrieval,5,17,4,26,22,7
Information Retrieval,6,9,3,100,61,18
Information Retrieval,1,10,2,58,25,6
Information Retrieval,6,12,1,39,19,3
Information Retrieval,7,7,2,62,16,2
Information Retrieval,5,9,6,93,11,5
Information Retrieval,8,8,4,88,49,22
Information Retrieval,8,12,4,32,12,4
Information Retrieval,6,7,3,91,30,10
Information Retrieval,6,9,3,64,29,6
Information Retrieval,6,9,2,57,31,6
Information Retrieval,5,12,0,116,56,5
Information Retrieval,3,13,2,60,32,5
Information Retrieval,4,11,4,39,19,1
Information Retrieval,4,7,1,52,20,6
Information Retrieval,3,7,4,54,22,6
Information Retrieval,6,9,1,104,59,3
Information Retrieval,7,10,1,55,40,7
Information Retrieval,6,7,6,76,29,6
Information Retrieval,4,5,0,44,16,4
Information Retrieval,4,7,2,45,58,16
Information Retrieval,4,10,0,101,18,8
Information Retrieval,3,8,2,63,31,4
Information Retrieval,3,7,2,82,11,4
Information Retrieval,1,1,1,50,20,8
Information Retrieval,6,13,1,67,33,6
Information Retrieval,6,7,0,66,26,5
Information Retrieval,5,6,1,23,14,5
Information Retrieval,7,10,1,65,25,2
Information Retrieval,4,12,3,49,16,4
Information Retrieval,7,18,4,61,16,9
Information Retrieval,9,8,0,114,24,2
Information Retrieval,4,8,5,45,22,14
Information Retrieval,11,12,5,105,27,9
Information Retrieval,6,7,1,87,26,5
Information Retrieval,3,6,5,62,15,8
Information Retrieval,7,10,2,79,35,3
Information Retrieval,4,7,1,36,12,4
Information Retrieval,4,3,1,47,17,3
Information Retrieval,2,5,3,51,17,12
Information Retrieval,2,5,3,99,58,13
Information Retrieval,2,2,2,39,15,5
Information Retrieval,3,11,1,38,21,4
Information Retrieval,5,13,2,47,18,6
Information Retrieval,5,8,3,29,23,7
Information Retrieval,7,13,2,38,29,8
Information Retrieval,3,7,0,83,38,7
Information Retrieval,4,13,4,36,21,2
Information Retrieval,6,17,6,51,28,13
Information Retrieval,4,13,7,46,21,8
Information Retrieval,5,9,0,67,27,0
Information Retrieval,1,11,5,31,27,10
Information Retrieval,2,9,3,69,43,9
Information Retrieval,5,11,4,59,20,8
Information Retrieval,3,4,4,121,26,3
Information Retrieval,6,4,0,65,22,1
Information Retrieval,11,14,5,83,42,5
Information Retrieval,3,6,2,57,26,9
Information Retrieval,2,10,3,56,23,6
Information Retrieval,3,6,1,75,45,13
Information Retrieval,5,8,3,25,19,4
Information Retrieval,5,4,3,51,25,4
Information Retrieval,6,13,3,101,37,10
Information Retrieval,4,13,0,57,17,16
Information Retrieval,3,12,4,49,43,17
Information Retrieval,4,11,1,64,51,10
Information Retrieval,7,10,2,64,26,4
Information Retrieval,3,12,3,20,33,7
Information Retrieval,7,10,0,92,78,3
Information Retrieval,6,12,3,45,35,4
Information Retrieval,5,8,1,50,27,2
Information Retrieval,5,9,3,23,9,5
Information Retrieval,6,12,5,14,17,5
Information Retrieval,9,5,1,103,38,0
Information Retrieval,0,7,2,67,25,6
Information Retrieval,4,10,6,25,23,8
Information Retrieval,3,9,2,44,14,4
Information Retrieval,6,8,3,75,13,1
Information Retrieval,2,7,1,50,40,9
Information Retrieval,5,10,4,68,19,7
Information Retrieval,2,10,4,30,15,6
Information Retrieval,6,7,2,118,24,9
Information Retrieval,2,6,2,45,25,11
Information Retrieval,5,10,5,38,19,3
Information Retrieval,7,6,1,108,62,10
Information Retrieval,3,9,0,48,39,7
Information Retrieval,3,5,3,84,33,5
Information Retrieval,5,8,4,81,57,10
Information Retrieval,11,14,0,48,31,4
Information Retrieval,3,9,1,36,33,5
Information Retrieval,6,14,4,53,27,14
Information Retrieval,8,13,5,41,30,10
Information Retrieval,2,8,3,90,58,11
Information Retrieval,2,15,8,37,38,20
Information Retrieval,2,2,2,19,17,6
Information Retrieval,6,9,1,68,40,6
Information Retrieval,5,10,3,50,30,11
Information Retrieval,5,13,1,67,33,10
Information Retrieval,4,9,3,21,28,6
Information Retrieval,6,12,5,49,42,18
Information Retrieval,5,13,2,78,26,6
Information Retrieval,8,10,2,117,48,2
Information Retrieval,7,12,0,134,50,13
Information Retrieval,5,7,4,62,24,9
Information Retrieval,4,7,0,106,23,5
Information Retrieval,4,10,3,44,37,5
Information Retrieval,8,9,3,60,22,9
Information Retrieval,3,7,3,53,12,5
Information Retrieval,7,13,3,62,31,5
Information Retrieval,6,11,2,51,17,6
Information Retrieval,10,8,3,78,41,6
Information Retrieval,7,6,2,85,46,9
Information Retrieval,8,9,2,63,26,5
Information Retrieval,4,11,2,34,26,10
Information Retrieval,2,10,3,63,20,9
Information Retrieval,4,11,3,47,15,10
Information Retrieval,7,11,2,47,35,6
Information Retrieval,5,4,3,49,14,6
Information Retrieval,4,11,2,86,30,11
Information Retrieval,2,10,3,40,31,12
Information Retrieval,3,7,2,74,36,3
Information Retrieval,7,16,6,52,15,3
Information Retrieval,6,11,4,127,54,10
Information Retrieval,6,7,2,65,21,6
Information Retrieval,3,6,3,52,13,3
Information Retrieval,6,6,3,59,25,11
Information Retrieval,7,13,0,69,18,2
Information Retrieval,5,4,0,75,23,14
Information Retrieval,3,9,3,61,27,11
Information Retrieval,7,17,4,31,16,3
Information Retrieval,3,8,5,53,52,22
Information Retrieval,5,11,1,65,20,11
Information Retrieval,6,8,2,76,26,5
Information Retrieval,2,10,4,39,15,7
Information Retrieval,4,4,1,98,49,6
Information Retrieval,8,8,2,60,24,5
Information Retrieval,4,6,1,90,19,4
Information Retrieval,4,2,1,66,30,8
Information Retrieval,5,2,1,61,28,7
Information Retrieval,3,5,3,81,15,2
Information Retrieval,5,7,1,34,15,3
Information Retrieval,8,13,4,62,35,8
Information Retrieval,5,10,2,78,10,2
Information Retrieval,0,5,2,41,22,6
Information Retrieval,3,0,2,54,20,7
Information Retrieval,7,5,3,65,40,12
Information Retrieval,4,4,1,40,17,8
Information Retrieval,4,9,5,64,15,8
Information Retrieval,5,12,4,61,36,7
Information Retrieval,4,3,1,82,49,11
Information Retrieval,2,7,1,50,22,5
Information Retrieval,1,11,7,43,16,6
Information Retrieval,2,14,5,48,15,4
Information Retrieval,4,9,4,42,24,8
Information Retrieval,1,9,6,63,34,7
Information Retrieval,6,12,0,59,33,6
Information Retrieval,8,8,1,142,44,4
Information Retrieval,6,12,1,82,66,10
Information Retrieval,1,3,1,74,37,8
Information Retrieval,5,8,2,27,19,2
Information Retrieval,4,6,0,70,27,7
Information Retrieval,4,12,2,76,10,6
Information Retrieval,6,15,6,28,21,3
Information Retrieval,4,11,5,54,25,5
Information Retrieval,7,10,0,104,53,5
Information Retrieval,4,7,1,44,33,5
Information Retrieval,3,7,2,78,38,7
Information Retrieval,2,8,4,46,19,8
Information Retrieval,3,2,0,64,30,1
Information Retrieval,5,11,5,71,24,10
Information Retrieval,4,8,4,51,35,11
Information Retrieval,3,8,3,61,23,9
Information Retrieval,3,9,3,66,22,8
Information Retrieval,5,10,0,52,20,4
Information Retrieval,7,7,0,66,23,1
Information Retrieval,3,9,4,45,12,3
Information Retrieval,7,7,0,68,32,3
Information Retrieval,4,6,1,36,24,7
Information Retrieval,7,9,2,94,19,5
Information Retrieval,3,8,2,58,15,3
Information Retrieval,4,8,3,28,18,6
Information Retrieval,9,11,1,72,18,5
Information Retrieval,5,10,2,92,31,8
Information Retrieval,6,13,3,77,31,11
Information Retrieval,3,7,1,98,54,1
Information Retrieval,6,10,1,63,25,5
Information Retrieval,3,6,2,35,19,8
Information Retrieval,4,7,2,36,20,4
Information Retrieval,5,9,1,61,21,5
Information Retrieval,6,7,5,74,14,10
Information Retrieval,7,11,3,36,20,2
Information Retrieval,5,9,1,31,25,3
Information Retrieval,6,12,3,80,14,3
Information Retrieval,5,4,2,55,22,6
Information Retrieval,4,7,3,53,20,5
Information Retrieval,5,6,1,65,45,14
Information Retrieval,2,9,0,47,15,7
Information Retrieval,3,7,1,52,22,8
Information Retrieval,3,11,5,36,25,10
Information Retrieval,6,14,3,80,36,12
Information Retrieval,5,9,3,106,45,12
Information Retrieval,5,5,0,74,30,0
Information Retrieval,8,11,3,125,54,5
Information Retrieval,4,8,2,61,52,11
Information Retrieval,5,8,7,29,12,0
Information Retrieval,4,7,1,114,86,2
Information Retrieval,5,8,3,27,16,4
Information Retrieval,4,6,2,23,26,3
Information Retrieval,7,7,0,107,40,7
Information Retrieval,8,10,3,123,48,10
Information Retrieval,3,6,4,40,29,7
Information Retrieval,3,14,5,25,10,4
Information Retrieval,2,5,1,53,31,11
Information Retrieval,7,9,1,64,36,13
Information Retrieval,4,12,4,57,19,11
Information Retrieval,4,8,0,83,33,5
Information Retrieval,3,11,2,78,11,7
Information Retrieval,7,11,4,78,14,3
Information Retrieval,3,11,4,79,47,8
Information Retrieval,12,8,0,91,25,4
Information Retrieval,2,5,2,37,17,3
Information Retrieval,4,12,3,56,35,9
Information Retrieval,4,9,3,50,42,13
Information Retrieval,4,8,1,63,24,4
Information Retrieval,5,11,1,63,29,2
Information Retrieval,3,8,2,57,33,7
Information Retrieval,4,7,3,62,23,11
Information Retrieval,5,8,1,40,16,3
Information Retrieval,7,8,3,35,16,6
Information Retrieval,9,9,3,93,37,8
Information Retrieval,5,3,0,46,29,3
Information Retrieval,5,10,0,65,14,6
Information Retrieval,7,14,3,66,13,1
Information Retrieval,4,12,1,61,22,7
Information Retrieval,6,11,4,78,34,3
Information Retrieval,5,11,0,52,25,9
Information Retrieval,2,12,3,62,23,6
Information Retrieval,11,16,1,122,45,5
Information Retrieval,4,10,2,77,15,5
Information Retrieval,3,10,2,76,24,8
Information Retrieval,5,11,4,35,21,8
Information Retrieval,3,6,1,77,39,7
Information Retrieval,5,4,1,37,15,3
Information Retrieval,6,13,0,60,28,5
Information Retrieval,5,6,5,49,27,7
Information Retrieval,5,8,0,62,32,9
Information Retrieval,5,5,3,61,27,4
Information Retrieval,3,8,2,97,47,7
Information Retrieval,8,11,2,89,44,5
Information Retrieval,5,9,1,38,34,4
Information Retrieval,5,5,3,68,35,9
Information Retrieval,6,7,1,77,40,11
Information Retrieval,0,5,2,62,28,10
Information Retrieval,5,9,2,49,18,4
Information Retrieval,5,5,2,23,18,5
Information Retrieval,3,5,3,88,34,4
Information Retrieval,5,10,4,61,32,10
Information Retrieval,4,8,2,68,40,5
Information Retrieval,1,8,6,55,23,3
Information Retrieval,7,14,5,30,17,7
Information Retrieval,5,7,1,45,19,5
Information Retrieval,4,11,3,63,18,6
Information Retrieval,4,7,3,74,35,7
Information Retrieval,3,7,6,25,18,2
Information Retrieval,9,12,3,114,38,10
Information Retrieval,2,8,4,50,20,9
Information Retrieval,7,11,5,38,23,10
Information Retrieval,4,6,2,54,21,7
Information Retrieval,4,7,1,50,29,2
Information Retrieval,1,13,3,60,23,7
Information Retrieval,3,11,3,36,36,8
Information Retrieval,6,6,0,77,27,5
Information Retrieval,4,10,2,51,39,8
Information Retrieval,3,8,2,51,24,5
Information Retrieval,5,12,1,55,17,6
Information Retrieval,3,9,4,13,20,6
Information Retrieval,5,6,0,127,53,10
Information Retrieval,3,9,6,99,44,10
Information Retrieval,6,8,5,97,47,9
Information Retrieval,4,13,6,46,27,11
Information Retrieval,6,9,0,61,33,1
Information Retrieval,3,8,0,67,42,7
Information Retrieval,3,4,2,44,19,9
Information Retrieval,5,10,0,74,20,3
Information Retrieval,3,11,3,48,18,3
Information Retrieval,5,8,5,54,30,10
Information Retrieval,7,13,2,106,36,2
Information Retrieval,4,5,1,62,20,12
Information Retrieval,3,4,1,34,22,9
Information Retrieval,2,9,3,28,36,9
Information Retrieval,6,11,7,76,24,6
Information Retrieval,6,15,3,80,29,12
Information Retrieval,3,5,1,64,36,7
Information Retrieval,3,8,3,27,13,7
Information Retrieval,6,10,1,35,23,4
Information Retrieval,4,11,2,83,33,6
Information Retrieval,6,7,4,66,34,3
Information Retrieval,5,12,2,72,51,9
Information Retrieval,4,12,0,58,22,9
Information Retrieval,6,10,0,66,29,5
Information Retrieval,4,10,1,67,51,5
Information Retrieval,6,7,1,132,39,3
Information Retrieval,6,9,5,61,35,13
Information Retrieval,6,14,3,48,19,11
Information Retrieval,8,13,3,77,31,9
Information Retrieval,6,3,4,37,18,6
Information Retrieval,4,6,1,72,49,11
Information Retrieval,4,13,4,63,13,2
Information Retrieval,6,7,3,53,35,11
Information Retrieval,4,9,1,31,26,6
Information Retrieval,4,4,3,23,22,5
Information Retrieval,4,7,1,58,31,3
Information Retrieval,5,10,2,103,21,4
Information Retrieval,5,11,3,107,28,6
Information Retrieval,5,12,3,55,32,8
Information Retrieval,5,12,6,19,14,8
Information Retrieval,7,5,0,99,42,1
Information Retrieval,4,6,1,56,30,10
Information Retrieval,3,8,2,29,11,4
Information Retrieval,4,6,1,59,46,7
Information Retrieval,3,7,3,42,28,9
Information Retrieval,3,5,2,68,25,2
Information Retrieval,5,11,3,61,24,5
Information Retrieval,10,16,4,75,53,10
Information Retrieval,6,7,2,72,23,11
Information Retrieval,4,9,1,135,38,5
Information Retrieval,6,6,3,74,39,9
Information Retrieval,2,5,2,62,47,1
Information Retrieval,5,6,0,71,56,7
Information Retrieval,6,6,3,81,32,3
Information Retrieval,5,14,1,50,19,0
Information Retrieval,3,13,4,69,32,10
Information Retrieval,5,4,2,61,20,7
Information Retrieval,4,12,6,79,47,13
Information Retrieval,3,13,2,61,41,12
Information Retrieval,6,12,2,56,14,7
Information Retrieval,4,8,2,41,26,4
Information Retrieval,4,11,1,83,47,8
Information Retrieval,4,12,3,41,37,3
Information Retrieval,5,13,3,43,9,4
Information Retrieval,5,12,2,78,51,13
Information Retrieval,5,9,1,55,34,4
Information Retrieval,7,9,1,38,13,5
Information Retrieval,7,6,2,79,21,8
Information Retrieval,3,8,2,73,22,5
Information Retrieval,6,9,1,58,24,11
Information Retrieval,3,10,4,78,32,4
Information Retrieval,4,9,2,90,28,7
Information Retrieval,2,4,0,70,70,12
Information Retrieval,4,5,3,31,15,6
Information Retrieval,4,2,2,110,29,7
Information Retrieval,3,9,4,29,19,3
Information Retrieval,3,11,2,21,9,4
Information Retrieval,5,14,4,65,32,3
Information Retrieval,5,11,0,81,24,7
Information Retrieval,11,7,3,114,43,7
Information Retrieval,4,6,3,42,25,9
Information Retrieval,4,5,3,56,37,6
Information Retrieval,3,5,1,56,42,10
Information Retrieval,3,8,3,52,13,6
Information Retrieval,3,3,2,72,38,4
Information Retrieval,11,14,3,152,68,7
Information Retrieval,7,12,4,86,41,8
Information Retrieval,3,10,2,66,19,5
Information Retrieval,1,9,6,44,24,6
Information Retrieval,5,9,2,105,28,3
Information Retrieval,7,14,1,55,33,1
Information Retrieval,4,7,2,47,14,7
Information Retrieval,4,3,1,50,13,3
Information Retrieval,10,11,6,68,38,13
Information Retrieval,5,9,4,55,25,6
Information Retrieval,3,13,2,67,38,10
Information Retrieval,3,6,3,42,22,5
Information Retrieval,4,8,3,42,13,5
Information Retrieval,4,9,2,66,35,10
Information Retrieval,5,6,4,31,20,5
Information Retrieval,4,7,0,93,24,1
Information Retrieval,7,8,0,57,20,2
Information Retrieval,3,10,3,78,33,8
Information Retrieval,5,13,2,49,17,4
Information Retrieval,2,9,3,63,37,8
Information Retrieval,4,5,0,53,37,6
Information Retrieval,12,14,2,96,57,5
Information Retrieval,5,9,2,79,50,11
Information Retrieval,3,6,2,69,33,9
Information Retrieval,3,16,1,115,23,0
Information Retrieval,3,10,3,41,27,7
Information Retrieval,5,12,1,151,54,18
Information Retrieval,5,9,0,28,21,5
Information Retrieval,4,10,7,41,17,10
Information Retrieval,3,10,3,112,39,9
Information Retrieval,2,8,1,61,32,8
Information Retrieval,2,7,0,56,22,5
Information Retrieval,4,4,3,98,40,6
Information Retrieval,4,9,2,50,21,6
Information Retrieval,0,7,0,42,23,5
Information Retrieval,4,2,1,87,55,6
Information Retrieval,3,9,5,109,13,2
Information Retrieval,6,10,1,58,25,3
Information Retrieval,3,9,6,76,24,8
Information Retrieval,3,9,2,51,37,8
Information Retrieval,4,4,3,79,24,7
Information Retrieval,6,6,2,73,64,16
Information Retrieval,7,15,2,36,28,6
Information Retrieval,5,9,1,47,37,6
Information Retrieval,4,4,4,72,40,9
Information Retrieval,5,9,1,83,27,3
Information Retrieval,7,7,3,49,36,2
Information Retrieval,4,5,3,80,38,8
Information Retrieval,9,5,0,61,34,7
Information Retrieval,4,6,3,103,29,9
Information Retrieval,3,16,6,37,22,5
Information Retrieval,5,6,1,31,15,5
Information Retrieval,7,8,2,103,49,11
Information Retrieval,7,16,7,62,10,7
Information Retrieval,2,8,2,77,17,4
Information Retrieval,3,6,5,53,53,16
Information Retrieval,8,12,2,91,46,11
Information Retrieval,7,8,0,101,68,2
Information Retrieval,2,7,1,35,19,7
Information Retrieval,3,7,3,77,18,8
Information Retrieval,4,4,1,38,16,4
Information Retrieval,4,8,0,86,27,4
Information Retrieval,4,10,5,54,30,8
Information Retrieval,2,10,1,71,27,7
Information Retrieval,12,14,4,88,8,4
Information Retrieval,4,10,3,36,16,4
Information Retrieval,6,9,3,75,26,4
Information Retrieval,3,6,3,62,32,5
Information Retrieval,13,10,4,134,91,19
Information Retrieval,6,8,4,54,25,4
Information Retrieval,2,15,7,46,8,15
Information Retrieval,2,10,2,50,26,6
Information Retrieval,1,9,2,55,27,11
Information Retrieval,3,12,2,49,10,6
Information Retrieval,2,10,2,71,29,10
Information Retrieval,4,6,3,53,22,3
Information Retrieval,4,7,4,66,15,4
Information Retrieval,6,13,1,101,27,6
Fuzzy Logic,11,11,1,82,108,12
Fuzzy Logic,1,5,3,31,22,7
Fuzzy Logic,15,12,1,106,31,7
Fuzzy Logic,7,12,3,87,22,6
Fuzzy Logic,3,8,5,55,29,7
Fuzzy Logic,2,12,4,35,65,20
Fuzzy Logic,7,6,2,106,54,6
Fuzzy Logic,6,8,3,64,47,17
Fuzzy Logic,5,6,3,64,42,4
Fuzzy Logic,6,13,2,57,28,10
Fuzzy Logic,3,13,4,20,35,13
Fuzzy Logic,6,15,2,36,25,5
Fuzzy Logic,5,11,4,35,34,9
Fuzzy Logic,5,12,3,46,16,2
Fuzzy Logic,5,13,2,66,39,7
Fuzzy Logic,7,8,1,96,35,5
Fuzzy Logic,8,13,2,78,61,16
Fuzzy Logic,7,11,1,92,26,2
Fuzzy Logic,6,6,1,37,31,5
Fuzzy Logic,10,12,1,117,47,6
Fuzzy Logic,2,8,6,107,29,5
Fuzzy Logic,6,3,0,79,45,22
Fuzzy Logic,5,12,5,21,22,6
Fuzzy Logic,4,12,4,33,32,8
Fuzzy Logic,4,8,1,58,42,3
Fuzzy Logic,5,6,0,42,30,4
Fuzzy Logic,2,10,2,38,39,11
Fuzzy Logic,4,12,6,42,32,11
Fuzzy Logic,3,6,5,63,55,13
Fuzzy Logic,10,10,1,94,47,3
Fuzzy Logic,3,8,1,17,26,5
Fuzzy Logic,6,8,3,28,17,8
Fuzzy Logic,11,24,9,33,37,9
Fuzzy Logic,4,13,1,37,22,3
Fuzzy Logic,5,12,2,55,47,8
Fuzzy Logic,5,15,2,72,47,9
Fuzzy Logic,7,5,1,78,83,7
Fuzzy Logic,4,12,3,75,41,8
Fuzzy Logic,5,9,2,50,32,4
Fuzzy Logic,3,7,0,153,63,10
Fuzzy Logic,2,9,4,13,20,4
Fuzzy Logic,5,9,1,56,27,5
Fuzzy Logic,11,13,4,119,38,5
Fuzzy Logic,9,12,0,71,37,2
Fuzzy Logic,5,4,0,39,25,5
Fuzzy Logic,4,13,6,56,18,3
Fuzzy Logic,14,17,4,80,17,5
Fuzzy Logic,3,13,4,68,27,10
Fuzzy Logic,5,11,3,38,27,7
Fuzzy Logic,7,9,1,46,35,9
Fuzzy Logic,3,7,2,50,79,15
Fuzzy Logic,7,13,2,89,51,11
Fuzzy Logic,6,8,1,51,50,6
Fuzzy Logic,3,5,5,28,23,13
Fuzzy Logic,5,13,4,32,36,12
Fuzzy Logic,6,11,1,40,15,2
Fuzzy Logic,6,14,3,72,106,23
Fuzzy Logic,5,16,7,24,20,6
Fuzzy Logic,5,12,3,30,33,4
Fuzzy Logic,3,9,3,68,44,4
Fuzzy Logic,5,8,2,51,27,8
Fuzzy Logic,7,13,2,35,31,10
Fuzzy Logic,5,6,0,49,15,10
Fuzzy Logic,4,10,1,42,42,5
Fuzzy Logic,7,16,4,59,29,6
Fuzzy Logic,7,14,5,51,33,4
Fuzzy Logic,10,16,1,82,77,6
Fuzzy Logic,5,11,4,46,22,3
Fuzzy Logic,11,12,3,74,45,11
Fuzzy Logic,6,4,2,49,14,4
Fuzzy Logic,3,8,5,19,19,3
Fuzzy Logic,2,13,8,33,21,11
Fuzzy Logic,7,6,2,72,28,13
Fuzzy Logic,5,8,2,57,39,4
Fuzzy Logic,5,11,4,46,27,12
Fuzzy Logic,3,8,4,38,22,4
Fuzzy Logic,6,15,4,54,27,8
Fuzzy Logic,1,7,6,31,20,8
Fuzzy Logic,8,13,3,36,32,3
Fuzzy Logic,4,6,4,51,19,3
Fuzzy Logic,7,8,2,133,80,10
Fuzzy Logic,2,5,1,54,42,6
Fuzzy Logic,11,4,0,83,44,17
Fuzzy Logic,8,13,3,57,21,5
Fuzzy Logic,3,8,2,27,37,8
Fuzzy Logic,3,12,3,57,19,6
Fuzzy Logic,5,10,1,61,17,6
Fuzzy Logic,2,5,3,24,39,11
Fuzzy Logic,2,8,2,29,45,13
Fuzzy Logic,5,4,2,42,28,6
Fuzzy Logic,2,9,2,47,55,8
Fuzzy Logic,6,7,4,98,31,8
Fuzzy Logic,5,9,4,41,23,5
Fuzzy Logic,5,4,1,68,32,6
Fuzzy Logic,3,10,2,46,51,7
Fuzzy Logic,1,5,3,17,21,4
Fuzzy Logic,4,7,1,91,49,3
Fuzzy Logic,2,8,4,18,44,19
Fuzzy Logic,7,9,4,66,40,4
Fuzzy Logic,5,10,5,9,21,7
Fuzzy Logic,5,7,2,43,27,7
Fuzzy Logic,4,8,2,34,31,11
Fuzzy Logic,7,11,4,33,22,7
Fuzzy Logic,4,8,2,58,29,7
Fuzzy Logic,5,8,1,64,28,3
Fuzzy Logic,5,9,0,48,39,4
Fuzzy Logic,4,8,1,41,26,4
Fuzzy Logic,7,11,3,137,73,7
Fuzzy Logic,8,9,2,73,27,5
Fuzzy Logic,5,4,1,43,36,4
Fuzzy Logic,6,12,1,44,32,11
Fuzzy Logic,8,12,4,29,24,5
Fuzzy Logic,8,10,1,62,38,6
Fuzzy Logic,2,7,7,33,21,7
Fuzzy Logic,4,4,1,51,31,4
Fuzzy Logic,5,9,4,61,19,6
Fuzzy Logic,4,9,2,61,35,7
Fuzzy Logic,5,11,2,69,33,8
Fuzzy Logic,7,9,2,51,30,7
Fuzzy Logic,8,12,1,113,51,3
Fuzzy Logic,8,15,3,45,38,7
Fuzzy Logic,6,12,4,44,33,12
Fuzzy Logic,11,13,6,83,16,5
Fuzzy Logic,6,10,1,97,42,7
Fuzzy Logic,4,13,4,41,14,4
Fuzzy Logic,11,9,3,149,51,4
Fuzzy Logic,4,9,2,42,50,10
Fuzzy Logic,6,5,0,54,45,11
Fuzzy Logic,8,8,4,87,35,6
Fuzzy Logic,10,12,2,85,33,8
Fuzzy Logic,7,9,2,82,31,6
Fuzzy Logic,4,14,2,19,22,9
Fuzzy Logic,4,6,4,36,17,8
Fuzzy Logic,5,13,2,81,63,8
Fuzzy Logic,6,15,1,60,39,8
Fuzzy Logic,4,11,1,100,80,5
Fuzzy Logic,4,10,2,66,25,8
Fuzzy Logic,5,12,3,65,12,3
Fuzzy Logic,3,4,3,69,39,6
Fuzzy Logic,15,19,2,74,52,8
Fuzzy Logic,9,10,3,72,40,11
Fuzzy Logic,5,8,3,21,19,8
Fuzzy Logic,5,14,2,41,38,12
Fuzzy Logic,6,14,3,66,34,6
Fuzzy Logic,3,8,0,49,23,0
Fuzzy Logic,6,6,0,88,49,4
Fuzzy Logic,9,11,3,103,50,6
Fuzzy Logic,3,4,2,48,35,9
Fuzzy Logic,6,8,3,77,35,8
Fuzzy Logic,5,12,2,52,25,5
Fuzzy Logic,8,15,2,126,54,7
Fuzzy Logic,3,13,5,30,31,10
Fuzzy Logic,5,9,4,55,19,6
Fuzzy Logic,6,12,6,56,15,8
Fuzzy Logic,4,11,5,100,67,12
Fuzzy Logic,7,13,2,50,39,4
Fuzzy Logic,3,13,6,31,31,8
Fuzzy Logic,5,10,2,52,26,8
Fuzzy Logic,10,11,4,64,18,6
Fuzzy Logic,5,4,1,64,24,8
Fuzzy Logic,5,10,2,53,35,8
Fuzzy Logic,1,8,3,78,21,6
Fuzzy Logic,6,8,2,71,22,4
Fuzzy Logic,9,11,2,42,23,4
Fuzzy Logic,9,18,4,36,45,12
Fuzzy Logic,8,8,2,85,26,4
Fuzzy Logic,2,12,5,36,26,9
Fuzzy Logic,4,9,5,45,32,10
Fuzzy Logic,6,12,2,59,26,9
Fuzzy Logic,9,8,3,160,38,9
Fuzzy Logic,3,13,2,27,25,9
Fuzzy Logic,6,8,5,74,34,5
Fuzzy Logic,7,11,2,37,33,8
Fuzzy Logic,13,12,4,38,10,4
Fuzzy Logic,5,7,6,35,21,5
Fuzzy Logic,5,6,2,54,25,2
Fuzzy Logic,9,22,6,41,25,7
Fuzzy Logic,5,11,1,68,26,8
Fuzzy Logic,8,13,1,65,20,9
Fuzzy Logic,3,10,1,82,31,2
Fuzzy Logic,6,9,1,81,28,4
Fuzzy Logic,3,9,4,71,48,16
Fuzzy Logic,5,16,6,48,17,10
Fuzzy Logic,8,14,3,52,22,6
Fuzzy Logic,4,14,3,41,35,7
Fuzzy Logic,5,7,1,49,39,6
Fuzzy Logic,4,7,4,58,22,8
Fuzzy Logic,6,6,1,98,43,7
Fuzzy Logic,2,8,3,63,77,18
Fuzzy Logic,7,8,1,62,27,3
Fuzzy Logic,7,12,4,67,23,4
Fuzzy Logic,5,13,3,40,15,4
Fuzzy Logic,5,8,6,58,24,14
Fuzzy Logic,5,4,3,99,49,12
Fuzzy Logic,4,9,1,77,43,8
Fuzzy Logic,3,8,4,37,21,6
Fuzzy Logic,3,7,3,43,21,11
Fuzzy Logic,3,12,5,44,50,14
Fuzzy Logic,6,14,2,70,71,10
Fuzzy Logic,10,17,5,50,23,6
Fuzzy Logic,2,9,4,34,26,14
Fuzzy Logic,5,9,4,78,37,9
Fuzzy Logic,5,10,3,61,33,12
Fuzzy Logic,5,14,3,28,31,1
Fuzzy Logic,7,9,3,62,30,6
Fuzzy Logic,9,10,2,72,27,1
Fuzzy Logic,4,7,6,70,19,3
Fuzzy Logic,7,19,1,108,35,1
Fuzzy Logic,3,13,5,16,14,6
Fuzzy Logic,5,9,1,89,40,1
Fuzzy Logic,3,13,6,58,32,15
Fuzzy Logic,5,8,1,152,35,3
Fuzzy Logic,4,6,1,52,50,5
Fuzzy Logic,5,12,4,30,27,9
Fuzzy Logic,5,7,2,47,22,8
Fuzzy Logic,4,13,5,19,25,7
Fuzzy Logic,7,13,1,35,42,1
Fuzzy Logic,3,4,0,75,33,3
Fuzzy Logic,4,11,1,57,22,6
Fuzzy Logic,8,13,1,63,42,14
Fuzzy Logic,2,10,5,28,25,7
Fuzzy Logic,5,11,2,80,53,16
Fuzzy Logic,5,8,3,38,41,10
Fuzzy Logic,7,12,1,103,31,6
Fuzzy Logic,10,13,1,88,34,7
Fuzzy Logic,5,12,3,30,18,2
Fuzzy Logic,5,9,7,77,40,6
Fuzzy Logic,11,6,1,111,36,1
Fuzzy Logic,6,14,3,65,20,6
Fuzzy Logic,5,14,3,40,24,6
Fuzzy Logic,7,10,3,68,16,3
Fuzzy Logic,7,13,4,67,37,12
Fuzzy Logic,2,10,2,69,39,9
Fuzzy Logic,9,7,0,67,21,5
Fuzzy Logic,3,11,3,88,47,11
Fuzzy Logic,4,10,5,47,41,17
Fuzzy Logic,3,13,3,13,15,6
Fuzzy Logic,6,7,2,56,31,9
Fuzzy Logic,4,9,2,91,27,4
Fuzzy Logic,4,11,2,58,14,5
Fuzzy Logic,9,7,1,50,26,7
Fuzzy Logic,7,18,5,45,23,5
Fuzzy Logic,5,11,2,75,33,7
Fuzzy Logic,5,9,2,41,26,6
Fuzzy Logic,10,8,2,67,49,6
Fuzzy Logic,6,6,2,94,26,5
Fuzzy Logic,1,9,2,61,15,6
Fuzzy Logic,5,14,6,34,29,9
Fuzzy Logic,9,8,2,85,28,4
Fuzzy Logic,4,7,3,45,18,2
Fuzzy Logic,3,9,4,72,46,9
Fuzzy Logic,7,13,1,43,36,5
Fuzzy Logic,5,9,1,98,79,9
Fuzzy Logic,7,7,3,57,29,5
Fuzzy Logic,6,12,4,63,52,14
Fuzzy Logic,5,11,2,59,30,12
Fuzzy Logic,3,7,2,55,20,6
Fuzzy Logic,6,10,4,37,30,5
Fuzzy Logic,4,8,2,53,28,10
Fuzzy Logic,6,8,3,63,27,10
Fuzzy Logic,8,11,2,59,34,10
Fuzzy Logic,6,15,5,104,13,3
Fuzzy Logic,12,10,2,72,39,14
Fuzzy Logic,6,6,1,85,60,6
Fuzzy Logic,10,12,1,47,27,1
Fuzzy Logic,6,7,3,68,78,6
Fuzzy Logic,5,9,3,57,12,5
Fuzzy Logic,2,7,1,12,19,2
Fuzzy Logic,6,8,2,74,34,11
Fuzzy Logic,6,14,4,28,24,9
Fuzzy Logic,1,7,1,30,14,4
Fuzzy Logic,4,9,1,4,14,5
Fuzzy Logic,5,8,3,39,19,7
Fuzzy Logic,3,4,1,27,21,8
Fuzzy Logic,6,12,3,57,22,4
Fuzzy Logic,5,15,6,87,28,4
Fuzzy Logic,8,6,3,80,42,2
Fuzzy Logic,7,11,5,40,20,5
Fuzzy Logic,10,13,1,55,28,4
Fuzzy Logic,2,10,2,31,21,8
Fuzzy Logic,7,7,0,82,22,15
Fuzzy Logic,8,11,3,108,46,4
Fuzzy Logic,4,15,2,44,30,6
Fuzzy Logic,3,13,4,61,31,10
Fuzzy Logic,8,2,0,121,33,8
Fuzzy Logic,6,10,6,36,28,9
Fuzzy Logic,4,12,2,35,24,5
Fuzzy Logic,1,5,1,42,37,13
Fuzzy Logic,7,11,3,69,42,6
Fuzzy Logic,2,11,3,37,27,8
Fuzzy Logic,6,20,4,40,25,5
Fuzzy Logic,10,12,4,89,41,11
Fuzzy Logic,2,14,5,27,54,13
Fuzzy Logic,3,9,4,72,46,9
Fuzzy Logic,6,11,2,82,25,8
Fuzzy Logic,5,13,4,77,27,6
Fuzzy Logic,5,14,7,36,21,12
Fuzzy Logic,7,12,7,61,24,8
Fuzzy Logic,5,12,3,48,33,8
Fuzzy Logic,3,6,0,81,33,2
Fuzzy Logic,6,7,6,54,26,5
Fuzzy Logic,5,9,1,42,25,6
Fuzzy Logic,5,16,9,44,17,9
Fuzzy Logic,12,15,4,74,28,5
Fuzzy Logic,2,9,2,49,33,1
Fuzzy Logic,8,10,1,71,45,4
Fuzzy Logic,3,10,5,40,35,8
Fuzzy Logic,5,5,1,88,50,3
Fuzzy Logic,5,11,2,91,47,4
Fuzzy Logic,7,14,1,87,76,7
Fuzzy Logic,5,7,3,46,38,9
Fuzzy Logic,5,13,3,48,40,7
Fuzzy Logic,4,8,4,41,15,7
Fuzzy Logic,4,7,5,59,17,3
Fuzzy Logic,2,9,2,33,34,5
Fuzzy Logic,13,16,2,95,27,5
Fuzzy Logic,5,7,0,63,35,7
Fuzzy Logic,3,8,3,63,16,3
Fuzzy Logic,5,13,3,73,33,11
Fuzzy Logic,3,6,3,45,19,4
Fuzzy Logic,3,11,4,58,32,7
Fuzzy Logic,4,6,4,66,26,6
Fuzzy Logic,6,9,5,49,15,5
Fuzzy Logic,3,8,6,37,20,6
Fuzzy Logic,5,9,2,61,33,2
Fuzzy Logic,3,11,6,38,27,15
Fuzzy Logic,4,15,3,49,25,4
Fuzzy Logic,6,11,5,44,10,5
Fuzzy Logic,4,14,4,70,23,1
Fuzzy Logic,8,9,3,81,37,8
Fuzzy Logic,7,11,2,55,22,2
Fuzzy Logic,8,7,0,67,16,7
Fuzzy Logic,6,15,9,71,14,6
Fuzzy Logic,5,11,1,36,11,2
Fuzzy Logic,8,12,3,58,35,10
Fuzzy Logic,10,12,2,100,32,7
Fuzzy Logic,8,12,4,31,10,5
Fuzzy Logic,4,8,2,20,18,3
Fuzzy Logic,3,7,2,29,25,2
Fuzzy Logic,5,12,2,58,27,6
Fuzzy Logic,5,9,1,36,14,6
Fuzzy Logic,3,9,1,59,42,7
Fuzzy Logic,9,12,2,35,9,3
Fuzzy Logic,3,14,5,54,26,18
Fuzzy Logic,6,14,5,36,16,11
Fuzzy Logic,3,11,6,38,18,5
Fuzzy Logic,5,10,1,126,29,2
Fuzzy Logic,6,13,1,74,41,2
Fuzzy Logic,5,8,4,24,20,4
Fuzzy Logic,10,14,1,69,35,5
Fuzzy Logic,8,9,2,90,44,5
Fuzzy Logic,3,11,2,51,48,5
Fuzzy Logic,5,4,1,54,35,7
Fuzzy Logic,2,8,3,41,31,14
Fuzzy Logic,7,10,3,65,22,6
Fuzzy Logic,4,6,1,41,34,5
Fuzzy Logic,6,7,4,68,22,4
Fuzzy Logic,3,9,1,96,31,3
Fuzzy Logic,7,6,1,134,44,9
Fuzzy Logic,6,13,2,51,35,7
Fuzzy Logic,19,9,4,129,52,7
Fuzzy Logic,5,12,4,38,33,9
Fuzzy Logic,6,10,2,58,25,6
Fuzzy Logic,6,12,1,51,20,9
Fuzzy Logic,5,14,0,106,37,7
Fuzzy Logic,8,16,2,32,24,3
Fuzzy Logic,6,11,3,71,32,7
Fuzzy Logic,3,14,3,25,13,3
Fuzzy Logic,4,8,5,73,36,12
Fuzzy Logic,5,11,2,62,45,8
Fuzzy Logic,5,8,4,57,44,10
Fuzzy Logic,4,13,3,56,22,9
Fuzzy Logic,3,9,6,46,18,4
Fuzzy Logic,6,8,3,71,26,7
Fuzzy Logic,5,17,1,41,9,3
Fuzzy Logic,9,12,1,109,48,3
Fuzzy Logic,4,9,1,51,22,7
Fuzzy Logic,7,9,4,66,30,9
Fuzzy Logic,6,14,2,90,20,6
Fuzzy Logic,8,6,5,36,19,6
Fuzzy Logic,5,13,7,68,25,2
Fuzzy Logic,6,14,2,59,42,4
Fuzzy Logic,5,12,3,25,19,4
Fuzzy Logic,7,13,1,64,31,4
Fuzzy Logic,6,15,3,97,76,15
Fuzzy Logic,8,15,2,102,25,3
Fuzzy Logic,6,12,2,123,27,7
Fuzzy Logic,7,13,5,60,27,5
Fuzzy Logic,5,9,3,52,29,5
Fuzzy Logic,6,11,0,27,32,2
Fuzzy Logic,5,9,2,46,27,8
Fuzzy Logic,4,5,0,65,20,3
Fuzzy Logic,9,6,1,36,22,2
Fuzzy Logic,2,10,4,43,28,5
Fuzzy Logic,3,7,4,31,19,10
Fuzzy Logic,4,8,3,35,37,11
Fuzzy Logic,5,11,2,59,38,1
Fuzzy Logic,8,11,6,47,28,8
Fuzzy Logic,2,7,4,62,37,3
Fuzzy Logic,9,13,2,155,54,5
Fuzzy Logic,4,11,1,48,39,10
Fuzzy Logic,6,9,1,85,24,9
Fuzzy Logic,4,12,4,99,21,7
Fuzzy Logic,7,10,5,70,33,17
Fuzzy Logic,11,14,3,95,59,4
Fuzzy Logic,6,10,3,79,53,16
Fuzzy Logic,6,8,5,94,60,7
Fuzzy Logic,6,13,3,70,45,8
Fuzzy Logic,8,7,3,80,27,5
Fuzzy Logic,6,16,5,56,24,8
Fuzzy Logic,3,10,3,23,22,6
Fuzzy Logic,6,11,3,67,31,8
Fuzzy Logic,3,5,1,88,29,4
Fuzzy Logic,4,3,0,61,12,1
Fuzzy Logic,2,8,3,38,17,4
Fuzzy Logic,7,8,4,122,62,14
Fuzzy Logic,5,17,0,59,15,4
Fuzzy Logic,5,10,5,52,31,7
Fuzzy Logic,6,12,0,79,17,3
Fuzzy Logic,4,16,4,28,20,9
Fuzzy Logic,6,11,3,73,50,7
Fuzzy Logic,5,13,4,70,34,4
Fuzzy Logic,7,14,6,55,38,9
Fuzzy Logic,5,4,0,60,29,8
Fuzzy Logic,7,11,6,118,51,7
Fuzzy Logic,4,7,0,62,24,8
Fuzzy Logic,5,8,4,67,23,8
Fuzzy Logic,3,7,2,66,29,6
Fuzzy Logic,5,7,4,52,25,6
Fuzzy Logic,10,6,1,63,19,5
Fuzzy Logic,5,13,2,47,24,4
Fuzzy Logic,5,7,1,52,15,9
Fuzzy Logic,5,8,3,68,15,8
Fuzzy Logic,7,7,3,54,32,8
Fuzzy Logic,3,5,5,45,39,7
Fuzzy Logic,8,13,1,56,37,3
Fuzzy Logic,6,8,3,36,24,4
Fuzzy Logic,5,7,4,56,28,6
Fuzzy Logic,6,7,4,77,53,10
Fuzzy Logic,4,8,3,29,15,4
Fuzzy Logic,3,8,4,27,32,14
Fuzzy Logic,7,11,1,53,21,4
Fuzzy Logic,3,9,3,103,44,5
Fuzzy Logic,6,12,2,56,27,6
Fuzzy Logic,4,9,4,63,17,2
Fuzzy Logic,3,14,6,47,36,12
Fuzzy Logic,9,11,1,81,13,8
Fuzzy Logic,8,15,3,97,52,6
Fuzzy Logic,5,9,3,46,25,9
Fuzzy Logic,6,7,3,42,20,3
Fuzzy Logic,5,15,1,72,40,5
Fuzzy Logic,5,10,2,63,22,4
Fuzzy Logic,7,11,1,24,14,11
Fuzzy Logic,5,14,3,74,9,1
Fuzzy Logic,4,12,3,68,14,5
Fuzzy Logic,8,7,1,65,35,7
Fuzzy Logic,4,10,5,66,61,19
Fuzzy Logic,3,8,4,52,38,10
Fuzzy Logic,4,13,5,56,27,5
Fuzzy Logic,7,13,0,135,45,5
Fuzzy Logic,1,9,3,39,14,7
Fuzzy Logic,5,11,0,78,20,9
Fuzzy Logic,4,12,2,44,40,11
Fuzzy Logic,5,17,1,52,41,3
Fuzzy Logic,8,6,0,57,25,8
Fuzzy Logic,9,13,3,47,18,1
Fuzzy Logic,3,8,3,40,25,5
Fuzzy Logic,5,9,3,60,59,2
Fuzzy Logic,3,10,2,51,25,7
Fuzzy Logic,7,10,3,44,18,6
Fuzzy Logic,6,9,0,69,31,9
Fuzzy Logic,8,12,4,64,22,0
Fuzzy Logic,3,10,2,41,20,5
Fuzzy Logic,3,7,3,42,15,3
Fuzzy Logic,6,6,0,90,35,7
Fuzzy Logic,6,14,4,97,36,6
Fuzzy Logic,9,11,4,128,58,4
Fuzzy Logic,4,9,2,54,37,5
Fuzzy Logic,11,14,2,102,63,7
Fuzzy Logic,4,11,3,45,51,7
Fuzzy Logic,5,16,5,40,13,6
Fuzzy Logic,7,8,3,28,18,3
Fuzzy Logic,6,11,3,41,14,9
Fuzzy Logic,3,10,4,27,10,6
Fuzzy Logic,6,11,4,85,54,14
Fuzzy Logic,5,4,2,93,21,6
Fuzzy Logic,3,6,2,33,19,5
Fuzzy Logic,3,11,2,76,24,2
Fuzzy Logic,8,10,4,36,18,5
Fuzzy Logic,5,10,1,21,17,4
Fuzzy Logic,1,9,1,50,30,3
Fuzzy Logic,8,6,0,161,75,15
Fuzzy Logic,5,15,3,78,49,5
Fuzzy Logic,7,13,5,38,18,3
Fuzzy Logic,10,3,2,51,21,5
Fuzzy Logic,3,10,2,61,38,3
Fuzzy Logic,8,8,2,69,41,3
Fuzzy Logic,10,19,3,68,35,4
Fuzzy Logic,6,9,4,65,17,5
Fuzzy Logic,7,10,2,92,14,5
Fuzzy Logic,9,8,1,95,18,6
Fuzzy Logic,8,13,2,48,12,10
Fuzzy Logic,5,11,2,48,29,6
Fuzzy Logic,8,21,3,31,31,5
Fuzzy Logic,6,10,3,108,27,2
Fuzzy Logic,4,8,1,54,31,2
Fuzzy Logic,8,8,2,54,33,2
Fuzzy Logic,6,18,6,44,16,8
Fuzzy Logic,4,11,6,54,23,12
Fuzzy Logic,7,8,2,85,25,5
Fuzzy Logic,6,13,2,79,74,6
Fuzzy Logic,6,11,4,87,41,18
Fuzzy Logic,5,12,2,64,12,5
Fuzzy Logic,4,12,6,45,27,7
Fuzzy Logic,7,10,5,37,36,12
Fuzzy Logic,4,11,5,42,23,7
Fuzzy Logic,5,11,2,82,32,4
Fuzzy Logic,6,14,2,39,13,3
Fuzzy Logic,7,8,2,73,14,2
Fuzzy Logic,7,11,1,59,25,1
Fuzzy Logic,3,11,5,65,22,9
Fuzzy Logic,4,8,3,33,37,9
Fuzzy Logic,9,6,5,62,35,5
Fuzzy Logic,3,9,3,58,30,5
Fuzzy Logic,5,9,5,26,16,9
Fuzzy Logic,3,6,5,53,29,9
Fuzzy Logic,4,10,5,48,29,6
Fuzzy Logic,4,7,1,30,18,7
Fuzzy Logic,3,8,2,53,34,6
Fuzzy Logic,7,12,1,57,29,2
Fuzzy Logic,4,11,3,49,28,6
Fuzzy Logic,8,9,3,51,24,3
Fuzzy Logic,5,13,5,54,46,12
Fuzzy Logic,4,8,5,9,16,3
Fuzzy Logic,6,9,2,32,20,3
Fuzzy Logic,3,8,4,56,20,8
Fuzzy Logic,6,13,2,62,21,9
Fuzzy Logic,12,4,0,63,19,5
Fuzzy Logic,2,10,4,60,15,2
Fuzzy Logic,5,16,4,27,14,8
Fuzzy Logic,4,8,4,55,17,7
Fuzzy Logic,7,13,4,46,17,6
Fuzzy Logic,5,10,2,25,14,6
Fuzzy Logic,6,13,2,55,40,3
Fuzzy Logic,4,8,2,68,32,9
Fuzzy Logic,4,13,4,55,29,9
Fuzzy Logic,5,7,1,77,26,3
Fuzzy Logic,7,15,8,34,14,4
Fuzzy Logic,8,9,1,67,35,4
Fuzzy Logic,6,6,2,64,19,5
Fuzzy Logic,8,10,1,79,31,6
Fuzzy Logic,4,11,2,61,36,8
Fuzzy Logic,2,7,4,45,16,1
Fuzzy Logic,5,12,2,63,39,2
Fuzzy Logic,5,7,3,58,27,6
Fuzzy Logic,3,11,5,54,21,8
Fuzzy Logic,4,11,5,17,17,5
Fuzzy Logic,5,14,5,85,33,17
Fuzzy Logic,5,10,1,41,27,3
Fuzzy Logic,9,12,2,98,62,9
Fuzzy Logic,6,6,1,27,15,6
Fuzzy Logic,4,4,3,50,51,7
Fuzzy Logic,9,9,2,76,17,8
Fuzzy Logic,9,12,6,65,15,4
Fuzzy Logic,3,5,2,63,30,3
Fuzzy Logic,10,9,2,96,33,3
Fuzzy Logic,3,11,4,53,26,3
Fuzzy Logic,4,8,2,73,23,4
Fuzzy Logic,3,5,1,45,22,6
Fuzzy Logic,4,4,1,88,29,9
Fuzzy Logic,10,13,6,44,15,4
Fuzzy Logic,5,5,0,67,20,4
Fuzzy Logic,6,9,7,28,14,7
Fuzzy Logic,4,13,3,56,32,6
Fuzzy Logic,3,5,3,50,36,5
Fuzzy Logic,6,9,0,62,25,4
Fuzzy Logic,5,8,3,56,31,5
Fuzzy Logic,4,10,2,58,33,3
Fuzzy Logic,7,6,3,69,22,7
Fuzzy Logic,5,7,1,113,41,7
Fuzzy Logic,7,13,0,75,14,9
Fuzzy Logic,6,17,2,59,26,4
Fuzzy Logic,2,12,6,33,26,13
Fuzzy Logic,6,8,5,42,34,13
Fuzzy Logic,10,9,3,32,26,5
Fuzzy Logic,6,5,2,37,17,4
Fuzzy Logic,2,17,3,45,26,16
Fuzzy Logic,7,17,6,25,18,5
Fuzzy Logic,7,8,4,56,25,2
Fuzzy Logic,6,7,1,86,44,8
Fuzzy Logic,5,10,2,44,23,7
Fuzzy Logic,9,14,1,112,57,12
Fuzzy Logic,4,9,2,73,53,1
Fuzzy Logic,4,11,3,31,21,10
Fuzzy Logic,6,6,3,33,28,14
Fuzzy Logic,5,8,2,73,27,3
Fuzzy Logic,5,13,2,50,25,5
Fuzzy Logic,6,10,2,95,38,5
Fuzzy Logic,4,11,3,66,26,2
Fuzzy Logic,6,17,7,54,14,5
Fuzzy Logic,7,11,0,51,38,3
Fuzzy Logic,2,10,4,58,21,2
Fuzzy Logic,5,10,2,72,34,12
Fuzzy Logic,11,13,5,45,14,3
Fuzzy Logic,6,13,1,114,52,8
Fuzzy Logic,3,12,5,38,40,10
Fuzzy Logic,5,10,1,137,67,16
Fuzzy Logic,6,12,4,47,42,9
Fuzzy Logic,8,13,3,84,46,4
Fuzzy Logic,4,10,2,56,29,0
Fuzzy Logic,5,11,3,33,24,5
Fuzzy Logic,5,11,1,69,44,7
Fuzzy Logic,5,9,2,87,22,4
Fuzzy Logic,7,3,3,65,29,11
Fuzzy Logic,3,13,1,71,46,3
Fuzzy Logic,7,13,3,103,46,10
Fuzzy Logic,6,6,2,50,28,1
Fuzzy Logic,7,14,4,47,25,5
Fuzzy Logic,4,9,5,71,54,15
Fuzzy Logic,5,9,4,86,43,11
Fuzzy Logic,9,16,1,75,18,3
Fuzzy Logic,3,3,1,36,17,2
Fuzzy Logic,7,12,1,77,24,3
Fuzzy Logic,2,9,1,104,22,8
Fuzzy Logic,6,6,1,50,24,6
Fuzzy Logic,3,3,1,36,23,5
Fuzzy Logic,7,6,2,129,73,6
Fuzzy Logic,8,12,1,57,20,4
Fuzzy Logic,8,19,7,38,15,6
Fuzzy Logic,5,9,3,40,30,13
Fuzzy Logic,3,12,5,35,29,5
Fuzzy Logic,2,4,4,57,31,10
Fuzzy Logic,7,8,5,40,19,4
Fuzzy Logic,5,9,3,67,13,5
Fuzzy Logic,6,12,1,51,23,2
Fuzzy Logic,8,10,1,61,42,8
Fuzzy Logic,4,9,3,94,46,7
Fuzzy Logic,0,6,1,70,33,5
Fuzzy Logic,6,10,1,42,40,1
Fuzzy Logic,4,12,4,40,16,7
Fuzzy Logic,4,7,3,28,16,4
Fuzzy Logic,4,13,3,74,17,7
Fuzzy Logic,7,12,4,54,23,8
Fuzzy Logic,9,14,4,58,17,3
Fuzzy Logic,7,8,1,112,31,7
Fuzzy Logic,3,7,7,73,25,8
Fuzzy Logic,6,9,0,92,47,6
Fuzzy Logic,9,13,3,74,36,1
Fuzzy Logic,2,7,2,50,42,14
Fuzzy Logic,3,16,3,56,39,7
Fuzzy Logic,5,14,3,53,37,12
Fuzzy Logic,4,9,2,24,23,5
Fuzzy Logic,1,15,11,15,16,7
Fuzzy Logic,7,13,1,80,29,5
Fuzzy Logic,8,16,5,73,15,5
Fuzzy Logic,8,10,2,139,71,10
Fuzzy Logic,2,12,3,66,27,14
Fuzzy Logic,7,13,2,60,28,2
Fuzzy Logic,5,15,1,57,17,6
Fuzzy Logic,3,6,3,48,52,19
Fuzzy Logic,7,12,5,42,8,1
Fuzzy Logic,6,13,4,97,66,2
Fuzzy Logic,4,5,1,62,31,1
Fuzzy Logic,10,8,4,113,55,10
Fuzzy Logic,3,12,1,49,20,6
Fuzzy Logic,10,13,1,88,30,1
Fuzzy Logic,6,17,6,107,35,14
Fuzzy Logic,4,3,1,53,28,8
Fuzzy Logic,7,11,2,53,44,7
Fuzzy Logic,7,10,1,121,32,1
Fuzzy Logic,4,6,1,58,24,5
Fuzzy Logic,6,16,3,85,40,8
Fuzzy Logic,5,10,2,73,45,9
Fuzzy Logic,5,13,1,63,48,11
Fuzzy Logic,3,8,2,91,63,11
Fuzzy Logic,7,15,4,57,39,7
Fuzzy Logic,5,6,2,55,21,11
Fuzzy Logic,6,4,3,87,21,7
Fuzzy Logic,5,8,2,81,19,5
Fuzzy Logic,5,10,3,31,27,5
Fuzzy Logic,8,7,4,58,17,4
Fuzzy Logic,8,13,2,82,44,12
Fuzzy Logic,7,13,2,53,17,4
Fuzzy Logic,5,6,3,81,30,9
Fuzzy Logic,2,9,6,15,25,12
Fuzzy Logic,6,9,2,132,41,11
Fuzzy Logic,2,9,3,38,20,8
Fuzzy Logic,5,10,3,14,8,1
Fuzzy Logic,4,12,4,45,25,7
Fuzzy Logic,8,9,3,121,29,7
Fuzzy Logic,9,14,5,66,42,14
Fuzzy Logic,2,3,0,55,25,9
Fuzzy Logic,7,13,5,42,16,5
Fuzzy Logic,3,12,1,48,20,6
Fuzzy Logic,4,10,0,67,14,11
Fuzzy Logic,4,12,1,66,39,4
Fuzzy Logic,6,9,1,64,44,4
Fuzzy Logic,5,7,3,51,24,8
Fuzzy Logic,7,8,0,65,40,3
Fuzzy Logic,6,12,4,51,35,6
Fuzzy Logic,6,11,1,129,26,5
Fuzzy Logic,4,9,2,89,53,9
Fuzzy Logic,5,9,3,37,22,2
Fuzzy Logic,7,16,3,67,12,3
Fuzzy Logic,9,13,2,56,27,4
Fuzzy Logic,7,16,1,76,45,8
Fuzzy Logic,5,6,4,41,22,5
Fuzzy Logic,5,14,5,64,29,6
Fuzzy Logic,7,10,1,79,42,6
Fuzzy Logic,6,13,3,20,9,2
Fuzzy Logic,4,14,7,36,25,11
Fuzzy Logic,3,3,4,45,28,6
Fuzzy Logic,5,14,3,39,42,10
Fuzzy Logic,1,7,1,33,33,7
Fuzzy Logic,4,9,3,84,16,5
Fuzzy Logic,4,16,4,62,32,8
Fuzzy Logic,5,10,4,59,16,7
Fuzzy Logic,3,9,1,76,44,2
Fuzzy Logic,3,13,3,47,45,9
Fuzzy Logic,10,11,3,57,36,7
Fuzzy Logic,3,6,2,80,24,12
Fuzzy Logic,4,10,1,48,22,7
Fuzzy Logic,3,9,7,59,14,7
Fuzzy Logic,10,13,1,87,28,2
Fuzzy Logic,6,14,5,68,14,6
Fuzzy Logic,7,9,2,88,22,4
Fuzzy Logic,12,8,2,62,19,3
Fuzzy Logic,3,6,2,60,20,7
Fuzzy Logic,8,9,6,71,24,7
Fuzzy Logic,8,10,2,42,19,2
Fuzzy Logic,1,5,2,19,18,7
Fuzzy Logic,4,16,9,33,28,18
Fuzzy Logic,5,8,4,55,26,7
Fuzzy Logic,7,19,2,30,20,3
Fuzzy Logic,5,10,4,56,21,4
Fuzzy Logic,3,5,2,48,18,8
Fuzzy Logic,3,10,3,67,48,8
Fuzzy Logic,4,7,1,46,20,2
Fuzzy Logic,7,9,4,42,19,7
Fuzzy Logic,5,14,1,77,42,6
Fuzzy Logic,3,13,1,39,22,7
Fuzzy Logic,6,11,1,61,22,1
Fuzzy Logic,4,8,3,80,38,4
Fuzzy Logic,4,9,3,73,27,4
Fuzzy Logic,8,14,3,75,38,4
Fuzzy Logic,6,7,3,52,39,14
Fuzzy Logic,2,13,5,22,19,10
Fuzzy Logic,8,10,4,40,25,8
Fuzzy Logic,5,8,1,88,41,7
Fuzzy Logic,5,14,2,57,17,7
Fuzzy Logic,7,12,1,40,30,6
Fuzzy Logic,5,12,3,101,9,3
Fuzzy Logic,5,9,3,50,18,1
Fuzzy Logic,5,13,1,35,18,4
Fuzzy Logic,8,10,0,88,36,4
Fuzzy Logic,7,8,0,35,26,6
Fuzzy Logic,7,14,1,38,25,7
Fuzzy Logic,11,14,4,46,38,3
Fuzzy Logic,4,2,2,123,29,8
Fuzzy Logic,3,7,5,25,26,7
Fuzzy Logic,3,10,4,43,52,13
Fuzzy Logic,9,9,0,71,31,7
Fuzzy Logic,2,7,1,35,10,10
Fuzzy Logic,4,12,5,28,20,4
Fuzzy Logic,8,5,0,64,23,6
Fuzzy Logic,5,15,4,43,39,8
Fuzzy Logic,5,9,6,33,18,2
Fuzzy Logic,3,10,5,70,26,9
Fuzzy Logic,11,14,3,43,14,5
Fuzzy Logic,7,14,1,69,37,1
Fuzzy Logic,1,7,1,54,26,10
Fuzzy Logic,6,14,4,59,28,3
Fuzzy Logic,5,4,2,103,39,8
Fuzzy Logic,4,8,0,98,35,11
Fuzzy Logic,4,11,4,23,28,8
Fuzzy Logic,6,17,3,63,73,12
Fuzzy Logic,13,12,1,58,15,5
Fuzzy Logic,8,15,0,85,29,2
Fuzzy Logic,5,8,2,40,22,9
Fuzzy Logic,7,10,6,96,36,2
Fuzzy Logic,6,12,1,77,20,1
Fuzzy Logic,3,9,6,32,18,9
Fuzzy Logic,3,11,4,46,27,8
Fuzzy Logic,5,11,5,72,20,5
Fuzzy Logic,3,8,4,58,19,4
Fuzzy Logic,3,11,4,39,14,6
Fuzzy Logic,4,8,3,60,33,4
Fuzzy Logic,3,14,3,53,13,7
Fuzzy Logic,3,8,5,49,33,0
Fuzzy Logic,7,12,3,53,15,2
Fuzzy Logic,5,7,2,88,33,7
Fuzzy Logic,9,12,5,50,28,13
Fuzzy Logic,5,7,1,95,28,3
Fuzzy Logic,9,16,1,33,14,3
Fuzzy Logic,5,8,3,33,26,6
Fuzzy Logic,7,13,1,98,26,4
Fuzzy Logic,6,13,5,58,56,8
Fuzzy Logic,5,7,0,87,38,1
Fuzzy Logic,5,6,2,33,15,2
Fuzzy Logic,3,13,2,30,15,6
Fuzzy Logic,3,7,2,33,28,5
Fuzzy Logic,4,11,2,55,37,2
Fuzzy Logic,6,12,2,60,27,8
Fuzzy Logic,4,13,2,82,23,5
Fuzzy Logic,3,9,3,30,38,7
Fuzzy Logic,3,12,3,66,35,5
Fuzzy Logic,3,6,5,56,16,3
Fuzzy Logic,5,10,4,45,13,7
Fuzzy Logic,6,9,5,56,23,5
Fuzzy Logic,6,12,4,63,53,4
Fuzzy Logic,4,9,1,62,12,7
Fuzzy Logic,5,10,4,49,25,7
Fuzzy Logic,6,10,2,57,18,5
Fuzzy Logic,2,14,4,23,11,8
Fuzzy Logic,1,8,2,45,14,4
Fuzzy Logic,6,9,4,48,28,13
Fuzzy Logic,1,8,4,37,14,5
Fuzzy Logic,4,10,4,38,22,10
Fuzzy Logic,4,10,1,35,19,3
Fuzzy Logic,3,7,4,68,44,18
Fuzzy Logic,8,10,0,100,37,8
Fuzzy Logic,4,14,4,64,22,10
Fuzzy Logic,3,12,5,80,50,13
Fuzzy Logic,4,12,2,23,19,7
Fuzzy Logic,6,6,2,37,21,1
Fuzzy Logic,7,11,2,42,36,10
Fuzzy Logic,4,9,2,53,27,5
Fuzzy Logic,11,10,1,71,27,2
Fuzzy Logic,2,13,2,61,54,16
Fuzzy Logic,9,13,1,54,21,6
Fuzzy Logic,3,7,5,29,22,4
Fuzzy Logic,8,12,2,105,47,8
Fuzzy Logic,9,12,3,57,27,2
Fuzzy Logic,8,16,3,68,23,2
Fuzzy Logic,3,12,6,51,21,5
Fuzzy Logic,8,14,1,75,41,6
Fuzzy Logic,6,11,1,89,50,7
Fuzzy Logic,3,5,4,52,24,5
Fuzzy Logic,4,7,5,47,37,5
Fuzzy Logic,7,8,3,23,27,0
Fuzzy Logic,7,11,1,75,57,15
Fuzzy Logic,5,10,3,55,14,2
Fuzzy Logic,5,9,3,29,21,7
Fuzzy Logic,4,10,0,59,18,6
Fuzzy Logic,7,7,3,114,63,11
Fuzzy Logic,2,14,5,83,33,12
Fuzzy Logic,4,8,3,69,31,11
Fuzzy Logic,6,10,4,77,38,11
Fuzzy Logic,6,17,1,84,16,8
Fuzzy Logic,0,13,8,38,10,6
Fuzzy Logic,7,12,5,49,17,3
Fuzzy Logic,6,7,2,91,65,7
Fuzzy Logic,4,9,2,38,16,5
Fuzzy Logic,4,8,0,91,35,3
Fuzzy Logic,6,6,2,43,18,3
Fuzzy Logic,7,7,1,89,43,2
Fuzzy Logic,5,9,2,73,48,13
Fuzzy Logic,5,11,5,32,46,9
Fuzzy Logic,3,8,2,36,32,8
Fuzzy Logic,4,5,1,53,18,7
Fuzzy Logic,4,8,1,87,40,10
Fuzzy Logic,3,17,7,38,22,9
Fuzzy Logic,4,7,2,29,20,4
Fuzzy Logic,8,12,4,41,25,7
Fuzzy Logic,3,7,5,86,44,14
Fuzzy Logic,7,9,2,30,23,4
Fuzzy Logic,6,16,6,34,24,6
Fuzzy Logic,6,11,3,55,17,4
Fuzzy Logic,5,18,4,22,20,6
Fuzzy Logic,9,10,1,64,47,4
Fuzzy Logic,5,12,1,53,16,7
Fuzzy Logic,7,9,4,40,32,14
Fuzzy Logic,8,12,2,61,51,19
Fuzzy Logic,4,9,1,47,31,4
Fuzzy Logic,4,10,6,30,17,7
Fuzzy Logic,3,11,3,48,31,10
Fuzzy Logic,6,13,2,53,22,3
Fuzzy Logic,5,15,6,49,28,3
Fuzzy Logic,6,13,2,59,9,3
Fuzzy Logic,7,15,6,48,52,16
Fuzzy Logic,7,12,5,40,32,4
Fuzzy Logic,2,4,3,48,16,7
Fuzzy Logic,5,14,1,76,16,5
Fuzzy Logic,6,6,2,33,14,4
Fuzzy Logic,4,13,2,47,40,7
Fuzzy Logic,3,10,0,70,36,1
Fuzzy Logic,6,7,4,75,44,12
Fuzzy Logic,7,8,0,51,24,1
Fuzzy Logic,3,14,2,78,19,7
Fuzzy Logic,3,7,3,43,19,1
Fuzzy Logic,6,12,3,65,27,6
Fuzzy Logic,8,10,2,128,51,10
Fuzzy Logic,3,11,5,50,12,11
Fuzzy Logic,6,10,5,52,22,7
Fuzzy Logic,4,13,3,53,73,21
Fuzzy Logic,5,9,2,46,15,6
Fuzzy Logic,1,11,4,46,21,9
Fuzzy Logic,4,9,6,30,27,7
Fuzzy Logic,3,12,3,80,19,3
Fuzzy Logic,2,10,5,68,22,8
Fuzzy Logic,4,13,4,65,22,5
Fuzzy Logic,3,8,2,30,17,2
Fuzzy Logic,9,8,2,46,21,4
Fuzzy Logic,9,11,2,63,17,9
Fuzzy Logic,6,9,1,43,19,4
Fuzzy Logic,5,13,3,52,46,8
Fuzzy Logic,7,4,2,55,32,3
Fuzzy Logic,2,7,1,22,42,6
Fuzzy Logic,4,13,7,64,12,7
Fuzzy Logic,4,8,0,63,29,4
Fuzzy Logic,3,11,2,32,22,5
Fuzzy Logic,3,8,2,82,18,7
Fuzzy Logic,5,9,5,52,26,7
Fuzzy Logic,4,13,4,53,16,11
Fuzzy Logic,3,9,4,28,21,5
Fuzzy Logic,3,4,1,50,30,10
Fuzzy Logic,3,14,4,32,43,11
Fuzzy Logic,5,6,3,53,34,10
Fuzzy Logic,8,7,2,39,25,3
Fuzzy Logic,1,8,4,51,22,6
Fuzzy Logic,6,6,2,83,35,7
Fuzzy Logic,7,13,4,88,43,6
Fuzzy Logic,5,6,3,36,15,4
Fuzzy Logic,6,9,1,55,11,6
Fuzzy Logic,4,5,2,46,33,7
Fuzzy Logic,12,14,1,71,20,1
Fuzzy Logic,7,17,5,46,41,9
Fuzzy Logic,8,12,1,76,35,8
Fuzzy Logic,3,9,3,27,30,10
Fuzzy Logic,9,13,4,50,26,4
Fuzzy Logic,5,12,1,37,12,6
Fuzzy Logic,5,13,3,29,22,5
Fuzzy Logic,8,8,3,57,20,4
Fuzzy Logic,8,8,0,75,34,3
Fuzzy Logic,7,13,4,51,22,11
Fuzzy Logic,5,13,9,39,11,3
Fuzzy Logic,4,5,1,62,27,5
Fuzzy Logic,7,14,4,69,29,4
Fuzzy Logic,7,10,2,39,14,9
Fuzzy Logic,4,7,1,76,26,8
Fuzzy Logic,7,11,1,60,31,8
Fuzzy Logic,4,10,0,64,37,5
Fuzzy Logic,4,12,2,84,41,7
Fuzzy Logic,5,6,5,65,27,9
Fuzzy Logic,5,13,4,75,25,6
Fuzzy Logic,4,12,8,44,30,12
Fuzzy Logic,6,10,3,60,28,4
Fuzzy Logic,6,8,2,67,26,8
Fuzzy Logic,6,12,5,78,49,11
Fuzzy Logic,7,6,0,116,34,3
Fuzzy Logic,6,12,2,58,32,7
Fuzzy Logic,4,6,2,34,17,4
Fuzzy Logic,6,16,4,58,20,11
Fuzzy Logic,2,7,1,36,34,12
Fuzzy Logic,6,7,3,23,20,6
Fuzzy Logic,9,18,6,62,25,8
Fuzzy Logic,3,7,2,101,18,4
Fuzzy Logic,8,12,6,44,45,17
Fuzzy Logic,7,11,3,38,17,1
Fuzzy Logic,5,11,3,94,24,5
Fuzzy Logic,5,10,1,93,31,2
Fuzzy Logic,5,10,3,54,64,2
Fuzzy Logic,3,8,5,48,25,9
Fuzzy Logic,5,13,2,64,54,13
Fuzzy Logic,4,12,4,60,17,4
Fuzzy Logic,9,13,1,85,18,2
Fuzzy Logic,7,6,2,66,58,7
Fuzzy Logic,7,15,3,85,34,5
Fuzzy Logic,4,6,1,35,21,0
Fuzzy Logic,9,10,1,89,42,2
Fuzzy Logic,6,15,0,43,31,5
Fuzzy Logic,5,10,5,47,40,12
Fuzzy Logic,8,16,4,52,20,2
Fuzzy Logic,7,8,0,83,26,7
Fuzzy Logic,4,10,5,36,16,5
Fuzzy Logic,7,5,2,49,25,15
Fuzzy Logic,3,6,4,82,38,11
Fuzzy Logic,6,14,3,58,22,1
Fuzzy Logic,4,10,6,52,28,7
Fuzzy Logic,6,14,1,37,10,1
Fuzzy Logic,4,4,0,91,29,0
Fuzzy Logic,4,4,1,35,19,6
Fuzzy Logic,4,9,3,63,26,6
Fuzzy Logic,7,14,2,36,29,6
Fuzzy Logic,8,5,2,64,19,4
Fuzzy Logic,6,11,2,56,26,7
Fuzzy Logic,4,5,0,84,60,1
Fuzzy Logic,6,8,4,39,11,2
Fuzzy Logic,5,14,4,70,75,30
Fuzzy Logic,5,6,0,110,72,1
Fuzzy Logic,4,11,1,61,23,2
Fuzzy Logic,3,7,3,43,22,3
Fuzzy Logic,7,9,2,103,44,6
Fuzzy Logic,3,12,4,49,15,7
Fuzzy Logic,3,8,4,28,16,5
Fuzzy Logic,4,8,1,47,16,3
Fuzzy Logic,5,8,0,41,10,3
Fuzzy Logic,3,6,1,45,15,8
Fuzzy Logic,8,15,1,83,42,2
Fuzzy Logic,5,16,0,74,34,3
Fuzzy Logic,6,15,2,59,23,9
Fuzzy Logic,6,4,2,76,19,5
Fuzzy Logic,9,14,6,41,7,3
Fuzzy Logic,5,11,3,56,22,7
Fuzzy Logic,4,7,0,35,28,8
Fuzzy Logic,5,7,1,59,40,15
Fuzzy Logic,8,12,3,14,9,0
Fuzzy Logic,5,11,2,58,45,13
Fuzzy Logic,6,12,3,69,45,7
Fuzzy Logic,5,13,6,70,35,13
Fuzzy Logic,4,7,3,54,23,6
Fuzzy Logic,5,10,2,77,58,11
Fuzzy Logic,4,11,3,119,36,12
Fuzzy Logic,5,11,2,43,19,5
Fuzzy Logic,6,9,0,62,19,9
Fuzzy Logic,6,15,5,40,12,3
Fuzzy Logic,4,5,4,108,19,6
Fuzzy Logic,3,12,3,75,51,7
Fuzzy Logic,6,15,0,96,22,1
Fuzzy Logic,4,7,2,67,34,9
Fuzzy Logic,6,9,4,67,26,7
Fuzzy Logic,4,11,1,40,20,3
Fuzzy Logic,5,6,1,80,35,2
Fuzzy Logic,2,10,4,43,19,3
Fuzzy Logic,4,8,2,40,13,4
Fuzzy Logic,4,12,3,53,13,3
Fuzzy Logic,5,15,4,46,34,8
Fuzzy Logic,5,9,3,85,39,9
Fuzzy Logic,7,14,4,76,19,5
Fuzzy Logic,7,12,4,42,35,12
Fuzzy Logic,12,8,2,53,31,5
Fuzzy Logic,7,11,3,70,29,8
Fuzzy Logic,5,6,2,46,17,6
Fuzzy Logic,5,9,6,62,29,1
Fuzzy Logic,13,9,3,81,34,2
Fuzzy Logic,5,2,3,50,21,4
Fuzzy Logic,3,9,2,43,30,6
Fuzzy Logic,6,12,6,42,15,9
Fuzzy Logic,4,10,3,51,27,7
Fuzzy Logic,5,11,5,44,41,17
Fuzzy Logic,2,8,5,43,20,7
Fuzzy Logic,6,12,3,43,41,6
Fuzzy Logic,1,16,3,51,36,8
Fuzzy Logic,4,5,0,61,22,2
Fuzzy Logic,2,7,6,49,16,6
Fuzzy Logic,1,10,3,31,26,10
Fuzzy Logic,11,6,2,105,30,5
Fuzzy Logic,10,16,4,93,45,11
Fuzzy Logic,7,13,3,22,14,6
Fuzzy Logic,4,10,2,19,33,11
Fuzzy Logic,4,6,3,42,21,6
Fuzzy Logic,2,13,4,44,44,26
Fuzzy Logic,5,8,2,27,20,4
Fuzzy Logic,5,16,4,41,30,8
Fuzzy Logic,7,12,1,45,41,2
Fuzzy Logic,6,7,1,48,32,7
Fuzzy Logic,6,11,1,81,33,7
Fuzzy Logic,5,6,4,60,48,7
Fuzzy Logic,8,12,0,38,14,3
Fuzzy Logic,3,8,5,47,30,9
Fuzzy Logic,8,11,2,92,34,3
Fuzzy Logic,5,16,1,34,26,4
Fuzzy Logic,3,15,5,50,42,13
Fuzzy Logic,8,10,1,55,41,5
Fuzzy Logic,4,11,5,62,15,7
Fuzzy Logic,6,17,5,56,25,13
Fuzzy Logic,5,9,4,48,17,12
Fuzzy Logic,2,8,3,77,37,4
Fuzzy Logic,5,7,3,99,56,5
Fuzzy Logic,3,7,5,34,20,12
Fuzzy Logic,4,13,1,72,29,6
Fuzzy Logic,5,10,1,61,22,5
Fuzzy Logic,1,8,4,21,14,6
Fuzzy Logic,4,7,5,42,13,0
Fuzzy Logic,4,8,5,39,21,9
Fuzzy Logic,5,11,4,33,14,3
Fuzzy Logic,7,15,1,45,22,2
Fuzzy Logic,2,7,5,51,16,7
Fuzzy Logic,5,10,4,49,13,1
Fuzzy Logic,10,8,3,69,58,14
Fuzzy Logic,13,9,0,68,41,3
Fuzzy Logic,5,13,4,84,37,7
Fuzzy Logic,9,17,8,54,34,11
Fuzzy Logic,3,9,4,54,18,5
Fuzzy Logic,4,11,4,35,18,4
Fuzzy Logic,2,7,1,60,28,5
Fuzzy Logic,7,13,1,48,29,4
Fuzzy Logic,4,9,4,51,39,10
Fuzzy Logic,9,13,0,97,42,11
Fuzzy Logic,3,10,5,67,32,7
Fuzzy Logic,7,12,2,76,22,7
Fuzzy Logic,7,10,3,51,38,11
Fuzzy Logic,3,7,1,64,13,7
Fuzzy Logic,2,8,3,33,31,7
Fuzzy Logic,2,8,5,32,18,8
Fuzzy Logic,8,13,4,95,35,12
Fuzzy Logic,6,8,4,62,23,10
Fuzzy Logic,9,19,3,30,12,5
Fuzzy Logic,4,8,5,65,25,3
Fuzzy Logic,6,12,1,69,40,9
#      Rake Title: 16685
#      Yake Title: 31169
#      KeyBERT Title: 8644
#      Rake Annotation: 205023
#      Yake Annotation: 97097
#      KeyBERT Annotation: 22632